table,j,K,year,alt_km,F_years,corrected
8.1,1,1.0,2000,200,1.0,
8.1,1,1.0,2000,400,1.0,
8.1,1,1.0,2000,600,1.0,
8.1,1,1.0,2000,800,1.0,
8.1,1,1.0,2000,1000,1.0,
8.1,1,1.0,2000,1200,1.0,
8.1,1,1.0,2000,1400,1.0,
8.1,1,1.0,2001,200,2.382,
8.1,1,1.0,2001,400,2.116,
8.1,1,1.0,2001,600,1.86,
8.1,1,1.0,2001,800,1.938,
8.1,1,1.0,2001,1000,1.985,
8.1,1,1.0,2001,1200,2.023,
8.1,1,1.0,2001,1400,2.012,
8.1,1,1.0,2002,200,3.571,
8.1,1,1.0,2002,400,3.12,
8.1,1,1.0,2002,600,2.706,
8.1,1,1.0,2002,800,2.883,
8.1,1,1.0,2002,1000,2.986,
8.1,1,1.0,2002,1200,3.068,
8.1,1,1.0,2002,1400,3.041,
8.1,1,1.0,2003,200,4.693,
8.1,1,1.0,2003,400,4.077,
8.1,1,1.0,2003,600,3.539,
8.1,1,1.0,2003,800,3.836,
8.1,1,1.0,2003,1000,4.003,
8.1,1,1.0,2003,1200,4.138,
8.1,1,1.0,2003,1400,4.089,
8.1,1,1.0,2004,200,5.972,
8.1,1,1.0,2004,400,5.151,
8.1,1,1.0,2004,600,4.416,
8.1,1,1.0,2004,800,4.819,
8.1,1,1.0,2004,1000,5.041,
8.1,1,1.0,2004,1200,5.228,
8.1,1,1.0,2004,1400,5.156,
8.1,1,1.0,2005,200,7.348,
8.1,1,1.0,2005,400,6.306,
8.1,1,1.0,2005,600,5.335,
8.1,1,1.0,2005,800,5.83,
8.1,1,1.0,2005,1000,6.103,
8.1,1,1.0,2005,1200,6.341,
8.1,1,1.0,2005,1400,6.242,
8.1,1,1.0,2006,200,8.784,
8.1,1,1.0,2006,400,7.517,
8.1,1,1.0,2006,600,6.297,
8.1,1,1.0,2006,800,6.87,
8.1,1,1.0,2006,1000,7.186,
8.1,1,1.0,2006,1200,7.475,
8.1,1,1.0,2006,1400,7.347,
8.1,1,1.0,2007,200,10.68,
8.1,1,1.0,2007,400,9.03,
8.1,1,1.0,2007,600,7.329,
8.1,1,1.0,2007,800,7.942,
8.1,1,1.0,2007,1000,8.294,
8.1,1,1.0,2007,1200,8.632,
8.1,1,1.0,2007,1400,8.473,
8.1,1,1.0,2008,200,12.993,
8.1,1,1.0,2008,400,10.823,
8.1,1,1.0,2008,600,8.431,
8.1,1,1.0,2008,800,9.046,
8.1,1,1.0,2008,1000,9.426,
8.1,1,1.0,2008,1200,9.81,
8.1,1,1.0,2008,1400,9.622,
8.1,1,1.0,2009,200,15.686,
8.1,1,1.0,2009,400,12.876,
8.1,1,1.0,2009,600,9.603,
8.1,1,1.0,2009,800,10.182,
8.1,1,1.0,2009,1000,10.583,
8.1,1,1.0,2009,1200,11.01,
8.1,1,1.0,2009,1400,10.792,
8.1,1,1.0,2010,200,17.932,
8.1,1,1.0,2010,400,14.697,
8.1,1,1.0,2010,600,10.804,
8.1,1,1.0,2010,800,11.346,
8.1,1,1.0,2010,1000,11.761,
8.1,1,1.0,2010,1200,12.231,
8.1,1,1.0,2010,1400,11.98,
8.1,1,1.0,2011,200,19.52,
8.1,1,1.0,2011,400,16.086,
8.1,1,1.0,2011,600,11.944,
8.1,1,1.0,2011,800,12.508,
8.1,1,1.0,2011,1000,12.953,
8.1,1,1.0,2011,1200,13.477,
8.1,1,1.0,2011,1400,13.186,
8.1,1,1.0,2012,200,21.116,
8.1,1,1.0,2012,400,17.366,
8.1,1,1.0,2012,600,12.915,
8.1,1,1.0,2012,800,13.596,
8.1,1,1.0,2012,1000,14.123,
8.1,1,1.0,2012,1200,14.746,
8.1,1,1.0,2012,1400,14.402,
8.1,1,1.0,2013,200,22.398,
8.1,1,1.0,2013,400,18.46,
8.1,1,1.0,2013,600,13.862,
8.1,1,1.0,2013,800,14.687,
8.1,1,1.0,2013,1000,15.308,
8.1,1,1.0,2013,1200,16.039,
8.1,1,1.0,2013,1400,15.634,
8.1,1,1.0,2014,200,23.567,
8.1,1,1.0,2014,400,19.477,
8.1,1,1.0,2014,600,14.788,
8.1,1,1.0,2014,800,15.784,
8.1,1,1.0,2014,1000,16.507,
8.1,1,1.0,2014,1200,17.356,
8.1,1,1.0,2014,1400,16.884,
8.1,1,1.0,2015,200,24.878,
8.1,1,1.0,2015,400,20.6,
8.1,1,1.0,2015,600,15.755,
8.1,1,1.0,2015,800,16.909,
8.1,1,1.0,2015,1000,17.727,
8.1,1,1.0,2015,1200,18.695,
8.1,1,1.0,2015,1400,18.152,
8.1,1,1.0,2016,200,26.273,
8.1,1,1.0,2016,400,21.794,
8.1,1,1.0,2016,600,16.763,
8.1,1,1.0,2016,800,18.062,
8.1,1,1.0,2016,1000,18.97,
8.1,1,1.0,2016,1200,20.056,
8.1,1,1.0,2016,1400,19.438,
8.1,1,1.0,2017,200,27.721,
8.1,1,1.0,2017,400,23.04,
8.1,1,1.0,2017,600,17.812,
8.1,1,1.0,2017,800,19.245,
8.1,1,1.0,2017,1000,20.234,
8.1,1,1.0,2017,1200,21.439,
8.1,1,1.0,2017,1400,20.743,
8.1,1,1.0,2018,200,29.628,
8.1,1,1.0,2018,400,24.587,
8.1,1,1.0,2018,600,18.931,
8.1,1,1.0,2018,800,20.459,
8.1,1,1.0,2018,1000,21.523,
8.1,1,1.0,2018,1200,22.845,
8.1,1,1.0,2018,1400,22.069,
8.1,1,1.0,2019,200,31.951,
8.1,1,1.0,2019,400,26.414,
8.1,1,1.0,2019,600,20.12,
8.1,1,1.0,2019,800,21.705,
8.1,1,1.0,2019,1000,22.836,
8.1,1,1.0,2019,1200,24.272,
8.1,1,1.0,2019,1400,23.417,
8.1,1,1.0,2020,200,34.653,
8.1,1,1.0,2020,400,28.5,
8.1,1,1.0,2020,600,21.379,
8.1,1,1.0,2020,800,22.983,
8.1,1,1.0,2020,1000,24.173,
8.1,1,1.0,2020,1200,25.722,
8.1,1,1.0,2020,1400,24.787,
8.1,1,1.0,2021,200,36.903,
8.1,1,1.0,2021,400,30.349,
8.1,1,1.0,2021,600,22.666,
8.1,1,1.0,2021,800,24.288,
8.1,1,1.0,2021,1000,25.531,
8.1,1,1.0,2021,1200,27.193,
8.1,1,1.0,2021,1400,26.174,
8.1,1,1.0,2022,200,38.502,
8.1,1,1.0,2022,400,31.767,
8.1,1,1.0,2022,600,23.887,
8.1,1,1.0,2022,800,25.589,
8.1,1,1.0,2022,1000,26.901,
8.1,1,1.0,2022,1200,28.69,
8.1,1,1.0,2022,1400,27.578,
8.1,1,1.0,2023,200,40.133,
8.1,1,1.0,2023,400,33.088,
8.1,1,1.0,2023,600,24.932,
8.1,1,1.0,2023,800,26.806,
8.1,1,1.0,2023,1000,28.246,
8.1,1,1.0,2023,1200,30.21,
8.1,1,1.0,2023,1400,28.989,
8.1,1,1.0,2024,200,41.431,
8.1,1,1.0,2024,400,34.211,
8.1,1,1.0,2024,600,25.949,
8.1,1,1.0,2024,800,28.024,
8.1,1,1.0,2024,1000,29.603,
8.1,1,1.0,2024,1200,31.755,
8.1,1,1.0,2024,1400,30.416,
8.1,1,1.0,2025,200,42.613,
8.1,1,1.0,2025,400,35.253,
8.1,1,1.0,2025,600,26.942,
8.1,1,1.0,2025,800,29.245,
8.1,1,1.0,2025,1000,30.972,
8.1,1,1.0,2025,1200,33.325,
8.1,1,1.0,2025,1400,31.86,
8.2,2,1.0,2000,200,1.0,
8.2,2,1.0,2000,400,1.0,
8.2,2,1.0,2000,600,1.0,
8.2,2,1.0,2000,800,1.0,
8.2,2,1.0,2000,1000,1.0,
8.2,2,1.0,2000,1200,1.0,
8.2,2,1.0,2000,1400,1.0,
8.2,2,1.0,2001,200,2.514,
8.2,2,1.0,2001,400,2.182,
8.2,2,1.0,2001,600,1.848,
8.2,2,1.0,2001,800,1.933,
8.2,2,1.0,2001,1000,1.982,
8.2,2,1.0,2001,1200,2.022,
8.2,2,1.0,2001,1400,2.011,
8.2,2,1.0,2002,200,3.809,
8.2,2,1.0,2002,400,3.238,
8.2,2,1.0,2002,600,2.687,
8.2,2,1.0,2002,800,2.872,
8.2,2,1.0,2002,1000,2.978,
8.2,2,1.0,2002,1200,3.068,
8.2,2,1.0,2002,1400,3.039,
8.2,2,1.0,2003,200,5.039,
8.2,2,1.0,2003,400,4.249,
8.2,2,1.0,2003,600,3.516,
8.2,2,1.0,2003,800,3.818,
8.2,2,1.0,2003,1000,3.99,
8.2,2,1.0,2003,1200,4.137,
8.2,2,1.0,2003,1400,4.084,
8.2,2,1.0,2004,200,6.417,
8.2,2,1.0,2004,400,5.377,
8.2,2,1.0,2004,600,4.391,
8.2,2,1.0,2004,800,4.795,
8.2,2,1.0,2004,1000,5.025,
8.2,2,1.0,2004,1200,5.228,
8.2,2,1.0,2004,1400,5.149,
8.2,2,1.0,2005,200,7.873,
8.2,2,1.0,2005,400,6.58,
8.2,2,1.0,2005,600,5.311,
8.2,2,1.0,2005,800,5.803,
8.2,2,1.0,2005,1000,6.083,
8.2,2,1.0,2005,1200,6.34,
8.2,2,1.0,2005,1400,6.233,
8.2,2,1.0,2006,200,9.372,
8.2,2,1.0,2006,400,7.833,
8.2,2,1.0,2006,600,6.274,
8.2,2,1.0,2006,800,6.84,
8.2,2,1.0,2006,1000,7.163,
8.2,2,1.0,2006,1200,7.474,
8.2,2,1.0,2006,1400,7.335,
8.2,2,1.0,2007,200,11.389,
8.2,2,1.0,2007,400,9.424,
8.2,2,1.0,2007,600,7.311,
8.2,2,1.0,2007,800,7.91,
8.2,2,1.0,2007,1000,8.267,
8.2,2,1.0,2007,1200,8.63,
8.2,2,1.0,2007,1400,8.459,
8.2,2,1.0,2008,200,13.869,
8.2,2,1.0,2008,400,11.324,
8.2,2,1.0,2008,600,8.422,
8.2,2,1.0,2008,800,9.014,
8.2,2,1.0,2008,1000,9.397,
8.2,2,1.0,2008,1200,9.808,
8.2,2,1.0,2008,1400,9.605,
8.2,2,1.0,2009,200,16.765,
8.2,2,1.0,2009,400,13.506,
8.2,2,1.0,2009,600,9.604,
8.2,2,1.0,2009,800,10.15,
8.2,2,1.0,2009,1000,10.551,
8.2,2,1.0,2009,1200,11.007,
8.2,2,1.0,2009,1400,10.773,
8.2,2,1.0,2010,200,19.085,
8.2,2,1.0,2010,400,15.388,
8.2,2,1.0,2010,600,10.815,
8.2,2,1.0,2010,800,11.316,
8.2,2,1.0,2010,1000,11.728,
8.2,2,1.0,2010,1200,12.228,
8.2,2,1.0,2010,1400,11.959,
8.2,2,1.0,2011,200,20.751,
8.2,2,1.0,2011,400,16.823,
8.2,2,1.0,2011,600,11.962,
8.2,2,1.0,2011,800,12.477,
8.2,2,1.0,2011,1000,12.916,
8.2,2,1.0,2011,1200,13.473,
8.2,2,1.0,2011,1400,13.162,
8.2,2,1.0,2012,200,22.482,
8.2,2,1.0,2012,400,18.17,
8.2,2,1.0,2012,600,12.923,
8.2,2,1.0,2012,800,13.558,
8.2,2,1.0,2012,1000,14.08,
8.2,2,1.0,2012,1200,14.741,
8.2,2,1.0,2012,1400,14.373,
8.2,2,1.0,2013,200,23.87,
8.2,2,1.0,2013,400,19.316,
8.2,2,1.0,2013,600,13.865,
8.2,2,1.0,2013,800,14.642,
8.2,2,1.0,2013,1000,15.257,
8.2,2,1.0,2013,1200,16.033,
8.2,2,1.0,2013,1400,15.6,
8.2,2,1.0,2014,200,25.15,
8.2,2,1.0,2014,400,20.387,
8.2,2,1.0,2014,600,14.789,
8.2,2,1.0,2014,800,15.73,
8.2,2,1.0,2014,1000,16.448,
8.2,2,1.0,2014,1200,17.349,
8.2,2,1.0,2014,1400,16.844,
8.2,2,1.0,2015,200,26.559,
8.2,2,1.0,2015,400,21.563,
8.2,2,1.0,2015,600,15.756,
8.2,2,1.0,2015,800,16.848,
8.2,2,1.0,2015,1000,17.661,
8.2,2,1.0,2015,1200,18.686,
8.2,2,1.0,2015,1400,18.107,
8.2,2,1.0,2016,200,28.034,
8.2,2,1.0,2016,400,22.804,
8.2,2,1.0,2016,600,16.766,
8.2,2,1.0,2016,800,17.996,
8.2,2,1.0,2016,1000,18.896,
8.2,2,1.0,2016,1200,20.046,
8.2,2,1.0,2016,1400,19.387,
8.2,2,1.0,2017,200,29.543,
8.2,2,1.0,2017,400,24.091,
8.2,2,1.0,2017,600,17.818,
8.2,2,1.0,2017,800,19.173,
8.2,2,1.0,2017,1000,20.153,
8.2,2,1.0,2017,1200,21.427,
8.2,2,1.0,2017,1400,20.686,
8.2,2,1.0,2018,200,31.57,
8.2,2,1.0,2018,400,25.715,
8.2,2,1.0,2018,600,18.944,
8.2,2,1.0,2018,800,20.384,
8.2,2,1.0,2018,1000,21.435,
8.2,2,1.0,2018,1200,22.83,
8.2,2,1.0,2018,1400,22.006,
8.2,2,1.0,2019,200,34.058,
8.2,2,1.0,2019,400,27.647,
8.2,2,1.0,2019,600,20.143,
8.2,2,1.0,2019,800,21.628,
8.2,2,1.0,2019,1000,22.742,
8.2,2,1.0,2019,1200,24.255,
8.2,2,1.0,2019,1400,23.348,
8.2,2,1.0,2020,200,36.962,
8.2,2,1.0,2020,400,29.861,
8.2,2,1.0,2020,600,21.415,
8.2,2,1.0,2020,800,22.904,
8.2,2,1.0,2020,1000,24.073,
8.2,2,1.0,2020,1200,25.703,
8.2,2,1.0,2020,1400,24.711,
8.2,2,1.0,2021,200,39.286,
8.2,2,1.0,2021,400,31.771,
8.2,2,1.0,2021,600,22.713,
8.2,2,1.0,2021,800,24.209,
8.2,2,1.0,2021,1000,25.426,
8.2,2,1.0,2021,1200,27.172,
8.2,2,1.0,2021,1400,26.091,
8.2,2,1.0,2022,200,40.962,
8.2,2,1.0,2022,400,33.235,
8.2,2,1.0,2022,600,23.943,
8.2,2,1.0,2022,800,25.508,
8.2,2,1.0,2022,1000,26.789,
8.2,2,1.0,2022,1200,28.666,
8.2,2,1.0,2022,1400,27.488,
8.2,2,1.0,2023,200,42.731,
8.2,2,1.0,2023,400,34.625,
8.2,2,1.0,2023,600,24.98,
8.2,2,1.0,2023,800,26.716,
8.2,2,1.0,2023,1000,28.122,
8.2,2,1.0,2023,1200,30.183,
8.2,2,1.0,2023,1400,28.89,
8.2,2,1.0,2024,200,44.137,
8.2,2,1.0,2024,400,35.801,
8.2,2,1.0,2024,600,25.993,
8.2,2,1.0,2024,800,27.925,
8.2,2,1.0,2024,1000,29.468,
8.2,2,1.0,2024,1200,31.725,
8.2,2,1.0,2024,1400,30.309,
8.2,2,1.0,2025,200,45.431,
8.2,2,1.0,2025,400,36.898,
8.2,2,1.0,2025,600,26.985,
8.2,2,1.0,2025,800,29.135,
8.2,2,1.0,2025,1000,30.826,
8.2,2,1.0,2025,1200,33.291,
8.2,2,1.0,2025,1400,31.742,
8.3,3,1.0,2000,200,1.0,
8.3,3,1.0,2000,400,1.0,
8.3,3,1.0,2000,600,1.0,
8.3,3,1.0,2000,800,1.0,
8.3,3,1.0,2000,1000,1.0,
8.3,3,1.0,2000,1200,1.0,
8.3,3,1.0,2000,1400,1.0,
8.3,3,1.0,2001,200,2.434,
8.3,3,1.0,2001,400,2.15,
8.3,3,1.0,2001,600,1.87,
8.3,3,1.0,2001,800,1.951,
8.3,3,1.0,2001,1000,1.992,
8.3,3,1.0,2001,1200,2.022,
8.3,3,1.0,2001,1400,2.013,
8.3,3,1.0,2002,200,3.692,
8.3,3,1.0,2002,400,3.188,
8.3,3,1.0,2002,600,2.73,
8.3,3,1.0,2002,800,2.913,
8.3,3,1.0,2002,1000,3.0,
8.3,3,1.0,2002,1200,3.066,
8.3,3,1.0,2002,1400,3.044,
8.3,3,1.0,2003,200,4.884,
8.3,3,1.0,2003,400,4.176,
8.3,3,1.0,2003,600,3.581,
8.3,3,1.0,2003,800,3.887,
8.3,3,1.0,2003,1000,4.025,
8.3,3,1.0,2003,1200,4.132,
8.3,3,1.0,2003,1400,4.094,
8.3,3,1.0,2004,200,6.15,
8.3,3,1.0,2004,400,5.243,
8.3,3,1.0,2004,600,4.478,
8.3,3,1.0,2004,800,4.889,
8.3,3,1.0,2004,1000,5.072,
8.3,3,1.0,2004,1200,5.221,
8.3,3,1.0,2004,1400,5.164,
8.3,3,1.0,2005,200,7.447,
8.3,3,1.0,2005,400,6.36,
8.3,3,1.0,2005,600,5.417,
8.3,3,1.0,2005,800,5.918,
8.3,3,1.0,2005,1000,6.142,
8.3,3,1.0,2005,1200,6.33,
8.3,3,1.0,2005,1400,6.253,
8.3,3,1.0,2006,200,8.752,
8.3,3,1.0,2006,400,7.513,
8.3,3,1.0,2006,600,6.401,
8.3,3,1.0,2006,800,6.975,
8.3,3,1.0,2006,1000,7.234,
8.3,3,1.0,2006,1200,7.461,
8.3,3,1.0,2006,1400,7.362,
8.3,3,1.0,2007,200,10.534,
8.3,3,1.0,2007,400,8.974,
8.3,3,1.0,2007,600,7.447,
8.3,3,1.0,2007,800,8.063,
8.3,3,1.0,2007,1000,8.35,
8.3,3,1.0,2007,1200,8.614,
8.3,3,1.0,2007,1400,8.493,
8.3,3,1.0,2008,200,12.754,
8.3,3,1.0,2008,400,10.722,
8.3,3,1.0,2008,600,8.556,
8.3,3,1.0,2008,800,9.18,
8.3,3,1.0,2008,1000,9.49,
8.3,3,1.0,2008,1200,9.789,
8.3,3,1.0,2008,1400,9.645,
8.3,3,1.0,2009,200,15.377,
8.3,3,1.0,2009,400,12.74,
8.3,3,1.0,2009,600,9.728,
8.3,3,1.0,2009,800,10.328,
8.3,3,1.0,2009,1000,10.653,
8.3,3,1.0,2009,1200,10.985,
8.3,3,1.0,2009,1400,10.819,
8.3,3,1.0,2010,200,17.445,
8.3,3,1.0,2010,400,14.479,
8.3,3,1.0,2010,600,10.933,
8.3,3,1.0,2010,800,11.502,
8.3,3,1.0,2010,1000,11.839,
8.3,3,1.0,2010,1200,12.203,
8.3,3,1.0,2010,1400,12.012,
8.3,3,1.0,2011,200,19.023,
8.3,3,1.0,2011,400,15.861,
8.3,3,1.0,2011,600,12.083,
8.3,3,1.0,2011,800,12.68,
8.3,3,1.0,2011,1000,13.039,
8.3,3,1.0,2011,1200,13.444,
8.3,3,1.0,2011,1400,13.223,
8.3,3,1.0,2012,200,20.666,
8.3,3,1.0,2012,400,17.174,
8.3,3,1.0,2012,600,13.076,
8.3,3,1.0,2012,800,13.798,
8.3,3,1.0,2012,1000,14.226,
8.3,3,1.0,2012,1200,14.707,
8.3,3,1.0,2012,1400,14.446,
8.3,3,1.0,2013,200,22.025,
8.3,3,1.0,2013,400,18.308,
8.3,3,1.0,2013,600,14.051,
8.3,3,1.0,2013,800,14.923,
8.3,3,1.0,2013,1000,15.428,
8.3,3,1.0,2013,1200,15.992,
8.3,3,1.0,2013,1400,15.686,
8.3,3,1.0,2014,200,23.278,
8.3,3,1.0,2014,400,19.363,
8.3,3,1.0,2014,600,15.009,
8.3,3,1.0,2014,800,16.058,
8.3,3,1.0,2014,1000,16.645,
8.3,3,1.0,2014,1200,17.301,
8.3,3,1.0,2014,1400,16.943,
8.3,3,1.0,2015,200,24.58,
8.3,3,1.0,2015,400,20.483,
8.3,3,1.0,2015,600,16.01,
8.3,3,1.0,2015,800,17.221,
8.3,3,1.0,2015,1000,17.885,
8.3,3,1.0,2015,1200,18.631,
8.3,3,1.0,2015,1400,18.22,
8.3,3,1.0,2016,200,25.896,
8.3,3,1.0,2016,400,21.643,
8.3,3,1.0,2016,600,17.054,
8.3,3,1.0,2016,800,18.411,
8.3,3,1.0,2016,1000,19.146,
8.3,3,1.0,2016,1200,19.983,
8.3,3,1.0,2016,1400,19.516,
8.3,3,1.0,2017,200,27.209,
8.3,3,1.0,2017,400,22.831,
8.3,3,1.0,2017,600,18.14,
8.3,3,1.0,2017,800,19.629,
8.3,3,1.0,2017,1000,20.43,
8.3,3,1.0,2017,1200,21.356,
8.3,3,1.0,2017,1400,20.832,
8.3,3,1.0,2018,200,29.0,
8.3,3,1.0,2018,400,24.328,
8.3,3,1.0,2018,600,19.289,
8.3,3,1.0,2018,800,20.876,
8.3,3,1.0,2018,1000,21.737,
8.3,3,1.0,2018,1200,22.752,
8.3,3,1.0,2018,1400,22.168,
8.3,3,1.0,2019,200,31.227,
8.3,3,1.0,2019,400,26.112,
8.3,3,1.0,2019,600,20.502,
8.3,3,1.0,2019,800,22.154,
8.3,3,1.0,2019,1000,23.068,
8.3,3,1.0,2019,1200,24.169,
8.3,3,1.0,2019,1400,23.527,
8.3,3,1.0,2020,200,33.858,
8.3,3,1.0,2020,400,28.165,
8.3,3,1.0,2020,600,21.777,
8.3,3,1.0,2020,800,23.462,
8.3,3,1.0,2020,1000,24.423,
8.3,3,1.0,2020,1200,25.608,
8.3,3,1.0,2020,1400,24.906,
8.3,3,1.0,2021,200,35.926,
8.3,3,1.0,2021,400,29.934,
8.3,3,1.0,2021,600,23.084,
8.3,3,1.0,2021,800,24.796,
8.3,3,1.0,2021,1000,25.799,
8.3,3,1.0,2021,1200,27.069,
8.3,3,1.0,2021,1400,26.305,
8.3,3,1.0,2022,200,37.512,
8.3,3,1.0,2022,400,31.348,
8.3,3,1.0,2022,600,24.332,
8.3,3,1.0,2022,800,26.132,
8.3,3,1.0,2022,1000,27.189,
8.3,3,1.0,2022,1200,28.553,
8.3,3,1.0,2022,1400,27.721,
8.3,3,1.0,2023,200,39.191,
8.3,3,1.0,2023,400,32.706,
8.3,3,1.0,2023,600,25.416,
8.3,3,1.0,2023,800,27.399,
8.3,3,1.0,2023,1000,28.561,
8.3,3,1.0,2023,1200,30.059,
8.3,3,1.0,2023,1400,29.146,
8.3,3,1.0,2024,200,40.571,
8.3,3,1.0,2024,400,33.875,
8.3,3,1.0,2024,600,26.476,
8.3,3,1.0,2024,800,28.672,
8.3,3,1.0,2024,1000,29.947,
8.3,3,1.0,2024,1200,31.588,
8.3,3,1.0,2024,1400,30.588,
8.3,3,1.0,2025,200,41.839,
8.3,3,1.0,2025,400,34.96,
8.3,3,1.0,2025,600,27.517,
8.3,3,1.0,2025,800,29.952,
8.3,3,1.0,2025,1000,31.348,
8.3,3,1.0,2025,1200,33.141,
8.3,3,1.0,2025,1400,32.047,
8.4,4,1.0,2000,200,1.0,
8.4,4,1.0,2000,400,1.0,
8.4,4,1.0,2000,600,1.0,
8.4,4,1.0,2000,800,1.0,
8.4,4,1.0,2000,1000,1.0,
8.4,4,1.0,2000,1200,1.0,
8.4,4,1.0,2000,1400,1.0,
8.4,4,1.0,2001,200,2.452,
8.4,4,1.0,2001,400,2.157,
8.4,4,1.0,2001,600,1.877,
8.4,4,1.0,2001,800,1.955,
8.4,4,1.0,2001,1000,1.993,
8.4,4,1.0,2001,1200,2.02,
8.4,4,1.0,2001,1400,2.013,
8.4,4,1.0,2002,200,3.695,
8.4,4,1.0,2002,400,3.19,
8.4,4,1.0,2002,600,2.749,
8.4,4,1.0,2002,800,2.922,
8.4,4,1.0,2002,1000,3.003,
8.4,4,1.0,2002,1200,3.063,
8.4,4,1.0,2002,1400,3.045,
8.4,4,1.0,2003,200,4.854,
8.4,4,1.0,2003,400,4.165,
8.4,4,1.0,2003,600,3.616,
8.4,4,1.0,2003,800,3.901,
8.4,4,1.0,2003,1000,4.03,
8.4,4,1.0,2003,1200,4.127,
8.4,4,1.0,2003,1400,4.095,
8.4,4,1.0,2004,200,6.074,
8.4,4,1.0,2004,400,5.212,
8.4,4,1.0,2004,600,4.527,
8.4,4,1.0,2004,800,4.908,
8.4,4,1.0,2004,1000,5.08,
8.4,4,1.0,2004,1200,5.213,
8.4,4,1.0,2004,1400,5.164,
8.4,4,1.0,2005,200,7.321,
8.4,4,1.0,2005,400,6.308,
8.4,4,1.0,2005,600,5.482,
8.4,4,1.0,2005,800,5.943,
8.4,4,1.0,2005,1000,6.152,
8.4,4,1.0,2005,1200,6.32,
8.4,4,1.0,2005,1400,6.254,
8.4,4,1.0,2006,200,8.581,
8.4,4,1.0,2006,400,7.444,
8.4,4,1.0,2006,600,6.48,
8.4,4,1.0,2006,800,7.006,
8.4,4,1.0,2006,1000,7.246,
8.4,4,1.0,2006,1200,7.448,
8.4,4,1.0,2006,1400,7.363,
8.4,4,1.0,2007,200,10.305,
8.4,4,1.0,2007,400,8.877,
8.4,4,1.0,2007,600,7.538,
8.4,4,1.0,2007,800,8.098,
8.4,4,1.0,2007,1000,8.363,
8.4,4,1.0,2007,1200,8.598,
8.4,4,1.0,2007,1400,8.494,
8.4,4,1.0,2008,200,12.452,
8.4,4,1.0,2008,400,10.587,
8.4,4,1.0,2008,600,8.656,
8.4,4,1.0,2008,800,9.22,
8.4,4,1.0,2008,1000,9.505,
8.4,4,1.0,2008,1200,9.769,
8.4,4,1.0,2008,1400,9.647,
8.4,4,1.0,2009,200,14.992,
8.4,4,1.0,2009,400,12.558,
8.4,4,1.0,2009,600,9.834,
8.4,4,1.0,2009,800,10.371,
8.4,4,1.0,2009,1000,10.67,
8.4,4,1.0,2009,1200,10.962,
8.4,4,1.0,2009,1400,10.821,
8.4,4,1.0,2010,200,16.98,
8.4,4,1.0,2010,400,14.254,
8.4,4,1.0,2010,600,11.044,
8.4,4,1.0,2010,800,11.549,
8.4,4,1.0,2010,1000,11.857,
8.4,4,1.0,2010,1200,12.176,
8.4,4,1.0,2010,1400,12.014,
8.4,4,1.0,2011,200,18.531,
8.4,4,1.0,2011,400,15.625,
8.4,4,1.0,2011,600,12.203,
8.4,4,1.0,2011,800,12.731,
8.4,4,1.0,2011,1000,13.059,
8.4,4,1.0,2011,1200,13.413,
8.4,4,1.0,2011,1400,13.225,
8.4,4,1.0,2012,200,20.181,
8.4,4,1.0,2012,400,16.94,
8.4,4,1.0,2012,600,13.212,
8.4,4,1.0,2012,800,13.857,
8.4,4,1.0,2012,1000,14.249,
8.4,4,1.0,2012,1200,14.669,
8.4,4,1.0,2012,1400,14.448,
8.4,4,1.0,2013,200,21.524,
8.4,4,1.0,2013,400,18.068,
8.4,4,1.0,2013,600,14.207,
8.4,4,1.0,2013,800,14.993,
8.4,4,1.0,2013,1000,15.455,
8.4,4,1.0,2013,1200,15.948,
8.4,4,1.0,2013,1400,15.688,
8.4,4,1.0,2014,200,22.741,
8.4,4,1.0,2014,400,19.111,
8.4,4,1.0,2014,600,15.19,
8.4,4,1.0,2014,800,16.139,
8.4,4,1.0,2014,1000,16.676,
8.4,4,1.0,2014,1200,17.249,
8.4,4,1.0,2014,1400,16.946,
8.4,4,1.0,2015,200,23.996,
8.4,4,1.0,2015,400,20.213,
8.4,4,1.0,2015,600,16.217,
8.4,4,1.0,2015,800,17.312,
8.4,4,1.0,2015,1000,17.92,
8.4,4,1.0,2015,1200,18.571,
8.4,4,1.0,2015,1400,18.223,
8.4,4,1.0,2016,200,25.264,
8.4,4,1.0,2016,400,21.356,
8.4,4,1.0,2016,600,17.286,
8.4,4,1.0,2016,800,18.513,
8.4,4,1.0,2016,1000,19.186,
8.4,4,1.0,2016,1200,19.914,
8.4,4,1.0,2016,1400,19.52,
8.4,4,1.0,2017,200,26.535,
8.4,4,1.0,2017,400,22.532,
8.4,4,1.0,2017,600,18.396,
8.4,4,1.0,2017,800,19.741,
8.4,4,1.0,2017,1000,20.473,
8.4,4,1.0,2017,1200,21.279,
8.4,4,1.0,2017,1400,20.836,
8.4,4,1.0,2018,200,28.269,
8.4,4,1.0,2018,400,24.005,
8.4,4,1.0,2018,600,19.568,
8.4,4,1.0,2018,800,20.998,
8.4,4,1.0,2018,1000,21.785,
8.4,4,1.0,2018,1200,22.666,
8.4,4,1.0,2018,1400,22.173,
8.4,4,1.0,2019,200,30.426,
8.4,4,1.0,2019,400,25.755,
8.4,4,1.0,2019,600,20.799,
8.4,4,1.0,2019,800,22.286,
8.4,4,1.0,2019,1000,23.119,
8.4,4,1.0,2019,1200,24.074,
8.4,4,1.0,2019,1400,23.532,
8.4,4,1.0,2020,200,32.976,
8.4,4,1.0,2020,400,27.766,
8.4,4,1.0,2020,600,22.09,
8.4,4,1.0,2020,800,23.602,
8.4,4,1.0,2020,1000,24.478,
8.4,4,1.0,2020,1200,25.504,
8.4,4,1.0,2020,1400,24.912,
8.4,4,1.0,2021,200,34.967,
8.4,4,1.0,2021,400,29.497,
8.4,4,1.0,2021,600,23.412,
8.4,4,1.0,2021,800,24.945,
8.4,4,1.0,2021,1000,25.857,
8.4,4,1.0,2021,1200,26.955,
8.4,4,1.0,2021,1400,26.311,
8.4,4,1.0,2022,200,36.529,
8.4,4,1.0,2022,400,30.904,
8.4,4,1.0,2022,600,24.68,
8.4,4,1.0,2022,800,26.29,
8.4,4,1.0,2022,1000,27.251,
8.4,4,1.0,2022,1200,28.429,
8.4,4,1.0,2022,1400,27.727,
8.4,4,1.0,2023,200,38.218,
8.4,4,1.0,2023,400,32.269,
8.4,4,1.0,2023,600,25.789,
8.4,4,1.0,2023,800,27.571,
8.4,4,1.0,2023,1000,28.629,
8.4,4,1.0,2023,1200,29.922,
8.4,4,1.0,2023,1400,29.152,
8.4,4,1.0,2024,200,39.585,
8.4,4,1.0,2024,400,33.436,
8.4,4,1.0,2024,600,26.881,
8.4,4,1.0,2024,800,28.86,
8.4,4,1.0,2024,1000,30.021,
8.4,4,1.0,2024,1200,31.437,
8.4,4,1.0,2024,1400,30.595,
8.4,4,1.0,2025,200,40.819,
8.4,4,1.0,2025,400,34.512,
8.4,4,1.0,2025,600,27.957,
8.4,4,1.0,2025,800,30.157,
8.4,4,1.0,2025,1000,31.429,
8.4,4,1.0,2025,1200,32.975,
8.4,4,1.0,2025,1400,32.055,
8.5,5,1.0,2000,200,1.0,
8.5,5,1.0,2000,400,1.0,
8.5,5,1.0,2000,600,1.0,
8.5,5,1.0,2000,800,1.0,
8.5,5,1.0,2000,1000,1.0,
8.5,5,1.0,2000,1200,1.0,
8.5,5,1.0,2000,1400,1.0,
8.5,5,1.0,2001,200,2.409,
8.5,5,1.0,2001,400,2.132,
8.5,5,1.0,2001,600,1.894,
8.5,5,1.0,2001,800,1.961,
8.5,5,1.0,2001,1000,1.995,
8.5,5,1.0,2001,1200,2.02,
8.5,5,1.0,2001,1400,2.014,
8.5,5,1.0,2002,200,3.584,
8.5,5,1.0,2002,400,3.13,
8.5,5,1.0,2002,600,2.786,
8.5,5,1.0,2002,800,2.935,
8.5,5,1.0,2002,1000,3.008,
8.5,5,1.0,2002,1200,3.062,
8.5,5,1.0,2002,1400,3.046,
8.5,5,1.0,2003,200,4.651,
8.5,5,1.0,2003,400,4.064,
8.5,5,1.0,2003,600,3.678,
8.5,5,1.0,2003,800,3.923,
8.5,5,1.0,2003,1000,4.039,
8.5,5,1.0,2003,1200,4.125,
8.5,5,1.0,2003,1400,4.097,
8.5,5,1.0,2004,200,5.79,
8.5,5,1.0,2004,400,5.072,
8.5,5,1.0,2004,600,4.612,
8.5,5,1.0,2004,800,4.938,
8.5,5,1.0,2004,1000,5.092,
8.5,5,1.0,2004,1200,5.21,
8.5,5,1.0,2004,1400,5.167,
8.5,5,1.0,2005,200,6.974,
8.5,5,1.0,2005,400,6.137,
8.5,5,1.0,2005,600,5.586,
8.5,5,1.0,2005,800,5.98,
8.5,5,1.0,2005,1000,6.167,
8.5,5,1.0,2005,1200,6.316,
8.5,5,1.0,2005,1400,6.258,
8.5,5,1.0,2006,200,8.192,
8.5,5,1.0,2006,400,7.249,
8.5,5,1.0,2006,600,6.6,
8.5,5,1.0,2006,800,7.05,
8.5,5,1.0,2006,1000,7.265,
8.5,5,1.0,2006,1200,7.443,
8.5,5,1.0,2006,1400,7.369,
8.5,5,1.0,2007,200,9.831,
8.5,5,1.0,2007,400,8.631,
8.5,5,1.0,2007,600,7.669,
8.5,5,1.0,2007,800,8.148,
8.5,5,1.0,2007,1000,8.385,
8.5,5,1.0,2007,1200,8.591,
8.5,5,1.0,2007,1400,8.501,
8.5,5,1.0,2008,200,11.856,
8.5,5,1.0,2008,400,10.264,
8.5,5,1.0,2008,600,8.792,
8.5,5,1.0,2008,800,9.276,
8.5,5,1.0,2008,1000,9.53,
8.5,5,1.0,2008,1200,9.761,
8.5,5,1.0,2008,1400,9.655,
8.5,5,1.0,2009,200,14.241,
8.5,5,1.0,2009,400,12.135,
8.5,5,1.0,2009,600,9.969,
8.5,5,1.0,2009,800,10.432,
8.5,5,1.0,2009,1000,10.698,
8.5,5,1.0,2009,1200,10.953,
8.5,5,1.0,2009,1400,10.83,
8.5,5,1.0,2010,200,16.166,
8.5,5,1.0,2010,400,13.778,
8.5,5,1.0,2010,600,11.177,
8.5,5,1.0,2010,800,11.614,
8.5,5,1.0,2010,1000,11.887,
8.5,5,1.0,2010,1200,12.165,
8.5,5,1.0,2010,1400,12.025,
8.5,5,1.0,2011,200,17.657,
8.5,5,1.0,2011,400,15.117,
8.5,5,1.0,2011,600,12.344,
8.5,5,1.0,2011,800,12.802,
8.5,5,1.0,2011,1000,13.092,
8.5,5,1.0,2011,1200,13.399,
8.5,5,1.0,2011,1400,13.238,
8.5,5,1.0,2012,200,19.252,
8.5,5,1.0,2012,400,16.399,
8.5,5,1.0,2012,600,13.378,
8.5,5,1.0,2012,800,13.941,
8.5,5,1.0,2012,1000,14.288,
8.5,5,1.0,2012,1200,14.653,
8.5,5,1.0,2012,1400,14.462,
8.5,5,1.0,2013,200,20.522,
8.5,5,1.0,2013,400,17.493,
8.5,5,1.0,2013,600,14.403,
8.5,5,1.0,2013,800,15.091,
8.5,5,1.0,2013,1000,15.501,
8.5,5,1.0,2013,1200,15.929,
8.5,5,1.0,2013,1400,15.705,
8.5,5,1.0,2014,200,21.644,
8.5,5,1.0,2014,400,18.496,
8.5,5,1.0,2014,600,15.421,
8.5,5,1.0,2014,800,16.252,
8.5,5,1.0,2014,1000,16.73,
8.5,5,1.0,2014,1200,17.227,
8.5,5,1.0,2014,1400,16.966,
8.5,5,1.0,2015,200,22.819,
8.5,5,1.0,2015,400,19.563,
8.5,5,1.0,2015,600,16.481,
8.5,5,1.0,2015,800,17.441,
8.5,5,1.0,2015,1000,17.981,
8.5,5,1.0,2015,1200,18.546,
8.5,5,1.0,2015,1400,18.246,
8.5,5,1.0,2016,200,24.026,
8.5,5,1.0,2016,400,20.678,
8.5,5,1.0,2016,600,17.579,
8.5,5,1.0,2016,800,18.656,
8.5,5,1.0,2016,1000,19.255,
8.5,5,1.0,2016,1200,19.886,
8.5,5,1.0,2016,1400,19.546,
8.5,5,1.0,2017,200,25.258,
8.5,5,1.0,2017,400,21.837,
8.5,5,1.0,2017,600,18.717,
8.5,5,1.0,2017,800,19.898,
8.5,5,1.0,2017,1000,20.549,
8.5,5,1.0,2017,1200,21.247,
8.5,5,1.0,2017,1400,20.865,
8.5,5,1.0,2018,200,26.911,
8.5,5,1.0,2018,400,23.264,
8.5,5,1.0,2018,600,19.91,
8.5,5,1.0,2018,800,21.169,
8.5,5,1.0,2018,1000,21.868,
8.5,5,1.0,2018,1200,22.63,
8.5,5,1.0,2018,1400,22.206,
8.5,5,1.0,2019,200,28.951,
8.5,5,1.0,2019,400,24.942,
8.5,5,1.0,2019,600,21.158,
8.5,5,1.0,2019,800,22.47,
8.5,5,1.0,2019,1000,23.21,
8.5,5,1.0,2019,1200,24.034,
8.5,5,1.0,2019,1400,23.567,
8.5,5,1.0,2020,200,31.35,
8.5,5,1.0,2020,400,26.858,
8.5,5,1.0,2020,600,22.459,
8.5,5,1.0,2020,800,23.798,
8.5,5,1.0,2020,1000,24.575,
8.5,5,1.0,2020,1200,25.46,
8.5,5,1.0,2020,1400,24.951,
8.5,5,1.0,2021,200,33.282,
8.5,5,1.0,2021,400,28.543,
8.5,5,1.0,2021,600,23.79,
8.5,5,1.0,2021,800,25.153,
8.5,5,1.0,2021,1000,25.961,
8.5,5,1.0,2021,1200,26.907,
8.5,5,1.0,2021,1400,26.353,
8.5,5,1.0,2022,200,34.785,
8.5,5,1.0,2022,400,29.922,
8.5,5,1.0,2022,600,25.077,
8.5,5,1.0,2022,800,26.512,
8.5,5,1.0,2022,1000,27.363,
8.5,5,1.0,2022,1200,28.376,
8.5,5,1.0,2022,1400,27.773,
8.5,5,1.0,2023,200,36.422,
8.5,5,1.0,2023,400,31.259,
8.5,5,1.0,2023,600,26.222,
8.5,5,1.0,2023,800,27.813,
8.5,5,1.0,2023,1000,28.751,
8.5,5,1.0,2023,1200,29.864,
8.5,5,1.0,2023,1400,29.203,
8.5,5,1.0,2024,200,37.718,
8.5,5,1.0,2024,400,32.396,
8.5,5,1.0,2024,600,27.355,
8.5,5,1.0,2024,800,29.125,
8.5,5,1.0,2024,1000,30.155,
8.5,5,1.0,2024,1200,31.374,
8.5,5,1.0,2024,1400,30.651,
8.5,5,1.0,2025,200,38.856,
8.5,5,1.0,2025,400,33.434,
8.5,5,1.0,2025,600,28.479,
8.5,5,1.0,2025,800,30.446,
8.5,5,1.0,2025,1000,31.575,
8.5,5,1.0,2025,1200,32.906,
8.5,5,1.0,2025,1400,32.116,
8.6,6,1.0,2000,200,1.0,
8.6,6,1.0,2000,400,1.0,
8.6,6,1.0,2000,600,1.0,
8.6,6,1.0,2000,800,1.0,
8.6,6,1.0,2000,1000,1.0,
8.6,6,1.0,2000,1200,1.0,
8.6,6,1.0,2000,1400,1.0,
8.6,6,1.0,2001,200,2.34,
8.6,6,1.0,2001,400,2.105,
8.6,6,1.0,2001,600,1.904,
8.6,6,1.0,2001,800,1.963,
8.6,6,1.0,2001,1000,1.996,
8.6,6,1.0,2001,1200,2.019,
8.6,6,1.0,2001,1400,2.014,
8.6,6,1.0,2002,200,3.439,
8.6,6,1.0,2002,400,3.076,
8.6,6,1.0,2002,600,2.81,
8.6,6,1.0,2002,800,2.941,
8.6,6,1.0,2002,1000,3.01,
8.6,6,1.0,2002,1200,3.06,
8.6,6,1.0,2002,1400,3.046,
8.6,6,1.0,2003,200,4.426,
8.6,6,1.0,2003,400,3.984,
8.6,6,1.0,2003,600,3.719,
8.6,6,1.0,2003,800,3.933,
8.6,6,1.0,2003,1000,4.042,
8.6,6,1.0,2003,1200,4.123,
8.6,6,1.0,2003,1400,4.097,
8.6,6,1.0,2004,200,5.494,
8.6,6,1.0,2004,400,4.969,
8.6,6,1.0,2004,600,4.668,
8.6,6,1.0,2004,800,4.952,
8.6,6,1.0,2004,1000,5.096,
8.6,6,1.0,2004,1200,5.206,
8.6,6,1.0,2004,1400,5.168,
8.6,6,1.0,2005,200,6.627,
8.6,6,1.0,2005,400,6.017,
8.6,6,1.0,2005,600,5.657,
8.6,6,1.0,2005,800,5.999,
8.6,6,1.0,2005,1000,6.172,
8.6,6,1.0,2005,1200,6.31,
8.6,6,1.0,2005,1400,6.259,
8.6,6,1.0,2006,200,7.816,
8.6,6,1.0,2006,400,7.122,
8.6,6,1.0,2006,600,6.685,
8.6,6,1.0,2006,800,7.073,
8.6,6,1.0,2006,1000,7.271,
8.6,6,1.0,2006,1200,7.436,
8.6,6,1.0,2006,1400,7.37,
8.6,6,1.0,2007,200,9.405,
8.6,6,1.0,2007,400,8.48,
8.6,6,1.0,2007,600,7.765,
8.6,6,1.0,2007,800,8.176,
8.6,6,1.0,2007,1000,8.393,
8.6,6,1.0,2007,1200,8.582,
8.6,6,1.0,2007,1400,8.503,
8.6,6,1.0,2008,200,11.361,
8.6,6,1.0,2008,400,10.073,
8.6,6,1.0,2008,600,8.897,
8.6,6,1.0,2008,800,9.307,
8.6,6,1.0,2008,1000,9.539,
8.6,6,1.0,2008,1200,9.75,
8.6,6,1.0,2008,1400,9.657,
8.6,6,1.0,2009,200,13.658,
8.6,6,1.0,2009,400,11.889,
8.6,6,1.0,2009,600,10.08,
8.6,6,1.0,2009,800,10.468,
8.6,6,1.0,2009,1000,10.708,
8.6,6,1.0,2009,1200,10.939,
8.6,6,1.0,2009,1400,10.833,
8.6,6,1.0,2010,200,15.538,
8.6,6,1.0,2010,400,13.5,
8.6,6,1.0,2010,600,11.293,
8.6,6,1.0,2010,800,11.654,
8.6,6,1.0,2010,1000,11.899,
8.6,6,1.0,2010,1200,12.149,
8.6,6,1.0,2010,1400,12.029,
8.6,6,1.0,2011,200,17.012,
8.6,6,1.0,2011,400,14.831,
8.6,6,1.0,2011,600,12.467,
8.6,6,1.0,2011,800,12.847,
8.6,6,1.0,2011,1000,13.107,
8.6,6,1.0,2011,1200,13.381,
8.6,6,1.0,2011,1400,13.242,
8.6,6,1.0,2012,200,18.526,
8.6,6,1.0,2012,400,16.085,
8.6,6,1.0,2012,600,13.519,
8.6,6,1.0,2012,800,13.993,
8.6,6,1.0,2012,1000,14.305,
8.6,6,1.0,2012,1200,14.631,
8.6,6,1.0,2012,1400,14.468,
8.6,6,1.0,2013,200,19.713,
8.6,6,1.0,2013,400,17.152,
8.6,6,1.0,2013,600,14.566,
8.6,6,1.0,2013,800,15.151,
8.6,6,1.0,2013,1000,15.52,
8.6,6,1.0,2013,1200,15.903,
8.6,6,1.0,2013,1400,15.712,
8.6,6,1.0,2014,200,20.749,
8.6,6,1.0,2014,400,18.133,
8.6,6,1.0,2014,600,15.61,
8.6,6,1.0,2014,800,16.321,
8.6,6,1.0,2014,1000,16.753,
8.6,6,1.0,2014,1200,17.196,
8.6,6,1.0,2014,1400,16.973,
8.6,6,1.0,2015,200,21.85,
8.6,6,1.0,2015,400,19.18,
8.6,6,1.0,2015,600,16.693,
8.6,6,1.0,2015,800,17.519,
8.6,6,1.0,2015,1000,18.007,
8.6,6,1.0,2015,1200,18.511,
8.6,6,1.0,2015,1400,18.255,
8.6,6,1.0,2016,200,23.007,
8.6,6,1.0,2016,400,20.285,
8.6,6,1.0,2016,600,17.816,
8.6,6,1.0,2016,800,18.744,
8.6,6,1.0,2016,1000,19.284,
8.6,6,1.0,2016,1200,19.846,
8.6,6,1.0,2016,1400,19.556,
8.6,6,1.0,2017,200,24.213,
8.6,6,1.0,2017,400,21.444,
8.6,6,1.0,2017,600,18.976,
8.6,6,1.0,2017,800,19.995,
8.6,6,1.0,2017,1000,20.582,
8.6,6,1.0,2017,1200,21.202,
8.6,6,1.0,2017,1400,20.877,
8.6,6,1.0,2018,200,25.819,
8.6,6,1.0,2018,400,22.856,
8.6,6,1.0,2018,600,20.189,
8.6,6,1.0,2018,800,21.276,
8.6,6,1.0,2018,1000,21.904,
8.6,6,1.0,2018,1200,22.58,
8.6,6,1.0,2018,1400,22.22,
8.6,6,1.0,2019,200,27.792,
8.6,6,1.0,2019,400,24.502,
8.6,6,1.0,2019,600,21.454,
8.6,6,1.0,2019,800,22.585,
8.6,6,1.0,2019,1000,23.25,
8.6,6,1.0,2019,1200,23.979,
8.6,6,1.0,2019,1400,23.583,
8.6,6,1.0,2020,200,30.106,
8.6,6,1.0,2020,400,26.371,
8.6,6,1.0,2020,600,22.771,
8.6,6,1.0,2020,800,23.923,
8.6,6,1.0,2020,1000,24.619,
8.6,6,1.0,2020,1200,25.4,
8.6,6,1.0,2020,1400,24.968,
8.6,6,1.0,2021,200,31.998,
8.6,6,1.0,2021,400,28.032,
8.6,6,1.0,2021,600,24.116,
8.6,6,1.0,2021,800,25.287,
8.6,6,1.0,2021,1000,26.009,
8.6,6,1.0,2021,1200,26.841,
8.6,6,1.0,2021,1400,26.373,
8.6,6,1.0,2022,200,33.484,
8.6,6,1.0,2022,400,29.412,
8.6,6,1.0,2022,600,25.419,
8.6,6,1.0,2022,800,26.656,
8.6,6,1.0,2022,1000,27.415,
8.6,6,1.0,2022,1200,28.304,
8.6,6,1.0,2022,1400,27.795,
8.6,6,1.0,2023,200,35.041,
8.6,6,1.0,2023,400,30.726,
8.6,6,1.0,2023,600,26.592,
8.6,6,1.0,2023,800,27.97,
8.6,6,1.0,2023,1000,28.808,
8.6,6,1.0,2023,1200,29.785,
8.6,6,1.0,2023,1400,29.228,
8.6,6,1.0,2024,200,36.252,
8.6,6,1.0,2024,400,31.841,
8.6,6,1.0,2024,600,27.757,
8.6,6,1.0,2024,800,29.295,
8.6,6,1.0,2024,1000,30.217,
8.6,6,1.0,2024,1200,31.288,
8.6,6,1.0,2024,1400,30.678,
8.6,6,1.0,2025,200,37.302,
8.6,6,1.0,2025,400,32.862,
8.6,6,1.0,2025,600,28.916,
8.6,6,1.0,2025,800,30.632,
8.6,6,1.0,2025,1000,31.643,
8.6,6,1.0,2025,1200,32.812,
8.6,6,1.0,2025,1400,32.145,
8.7,7,1.0,2000,200,1.0,
8.7,7,1.0,2000,400,1.0,
8.7,7,1.0,2000,600,1.0,
8.7,7,1.0,2000,800,1.0,
8.7,7,1.0,2000,1000,1.0,
8.7,7,1.0,2000,1200,1.0,
8.7,7,1.0,2000,1400,1.0,
8.7,7,1.0,2001,200,2.197,
8.7,7,1.0,2001,400,2.044,
8.7,7,1.0,2001,600,1.922,
8.7,7,1.0,2001,800,1.967,
8.7,7,1.0,2001,1000,1.997,
8.7,7,1.0,2001,1200,2.018,
8.7,7,1.0,2001,1400,2.014,
8.7,7,1.0,2002,200,3.183,
8.7,7,1.0,2002,400,2.972,
8.7,7,1.0,2002,600,2.848,
8.7,7,1.0,2002,800,2.949,
8.7,7,1.0,2002,1000,3.012,
8.7,7,1.0,2002,1200,3.056,
8.7,7,1.0,2002,1400,3.046,
8.7,7,1.0,2003,200,4.07,
8.7,7,1.0,2003,400,3.846,
8.7,7,1.0,2003,600,3.778,
8.7,7,1.0,2003,800,3.946,
8.7,7,1.0,2003,1000,4.045,
8.7,7,1.0,2003,1200,4.115,
8.7,7,1.0,2003,1400,4.096,
8.7,7,1.0,2004,200,5.044,
8.7,7,1.0,2004,400,4.794,
8.7,7,1.0,2004,600,4.745,
8.7,7,1.0,2004,800,4.97,
8.7,7,1.0,2004,1000,5.1,
8.7,7,1.0,2004,1200,5.194,
8.7,7,1.0,2004,1400,5.166,
8.7,7,1.0,2005,200,6.1,
8.7,7,1.0,2005,400,5.812,
8.7,7,1.0,2005,600,5.749,
8.7,7,1.0,2005,800,6.021,
8.7,7,1.0,2005,1000,6.177,
8.7,7,1.0,2005,1200,6.294,
8.7,7,1.0,2005,1400,6.256,
8.7,7,1.0,2006,200,7.232,
8.7,7,1.0,2006,400,6.893,
8.7,7,1.0,2006,600,6.79,
8.7,7,1.0,2006,800,7.099,
8.7,7,1.0,2006,1000,7.275,
8.7,7,1.0,2006,1200,7.414,
8.7,7,1.0,2006,1400,7.367,
8.7,7,1.0,2007,200,8.719,
8.7,7,1.0,2007,400,8.198,
8.7,7,1.0,2007,600,7.878,
8.7,7,1.0,2007,800,8.205,
8.7,7,1.0,2007,1000,8.397,
8.7,7,1.0,2007,1200,8.554,
8.7,7,1.0,2007,1400,8.498,
8.7,7,1.0,2008,200,10.532,
8.7,7,1.0,2008,400,9.71,
8.7,7,1.0,2008,600,9.013,
8.7,7,1.0,2008,800,9.339,
8.7,7,1.0,2008,1000,9.542,
8.7,7,1.0,2008,1200,9.715,
8.7,7,1.0,2008,1400,9.65,
8.7,7,1.0,2009,200,12.65,
8.7,7,1.0,2009,400,11.419,
8.7,7,1.0,2009,600,10.195,
8.7,7,1.0,2009,800,10.502,
8.7,7,1.0,2009,1000,10.709,
8.7,7,1.0,2009,1200,10.896,
8.7,7,1.0,2009,1400,10.824,
8.7,7,1.0,2010,200,14.439,
8.7,7,1.0,2010,400,12.967,
8.7,7,1.0,2010,600,11.405,
8.7,7,1.0,2010,800,11.69,
8.7,7,1.0,2010,1000,11.898,
8.7,7,1.0,2010,1200,12.098,
8.7,7,1.0,2010,1400,12.017,
8.7,7,1.0,2011,200,15.868,
8.7,7,1.0,2011,400,14.274,
8.7,7,1.0,2011,600,12.585,
8.7,7,1.0,2011,800,12.884,
8.7,7,1.0,2011,1000,13.104,
8.7,7,1.0,2011,1200,13.32,
8.7,7,1.0,2011,1400,13.228,
8.7,7,1.0,2012,200,17.221,
8.7,7,1.0,2012,400,15.458,
8.7,7,1.0,2012,600,13.662,
8.7,7,1.0,2012,800,14.036,
8.7,7,1.0,2012,1000,14.301,
8.7,7,1.0,2012,1200,14.559,
8.7,7,1.0,2012,1400,14.451,
8.7,7,1.0,2013,200,18.286,
8.7,7,1.0,2013,400,16.481,
8.7,7,1.0,2013,600,14.737,
8.7,7,1.0,2013,800,15.201,
8.7,7,1.0,2013,1000,15.516,
8.7,7,1.0,2013,1200,15.818,
8.7,7,1.0,2013,1400,15.692,
8.7,7,1.0,2014,200,19.218,
8.7,7,1.0,2014,400,17.429,
8.7,7,1.0,2014,600,15.813,
8.7,7,1.0,2014,800,16.379,
8.7,7,1.0,2014,1000,16.748,
8.7,7,1.0,2014,1200,17.098,
8.7,7,1.0,2014,1400,16.95,
8.7,7,1.0,2015,200,20.224,
8.7,7,1.0,2015,400,18.444,
8.7,7,1.0,2015,600,16.924,
8.7,7,1.0,2015,800,17.585,
8.7,7,1.0,2015,1000,18.002,
8.7,7,1.0,2015,1200,18.398,
8.7,7,1.0,2015,1400,18.229,
8.7,7,1.0,2016,200,21.305,
8.7,7,1.0,2016,400,19.523,
8.7,7,1.0,2016,600,18.071,
8.7,7,1.0,2016,800,18.816,
8.7,7,1.0,2016,1000,19.277,
8.7,7,1.0,2016,1200,19.719,
8.7,7,1.0,2016,1400,19.526,
8.7,7,1.0,2017,200,22.458,
8.7,7,1.0,2017,400,20.664,
8.7,7,1.0,2017,600,19.254,
8.7,7,1.0,2017,800,20.074,
8.7,7,1.0,2017,1000,20.574,
8.7,7,1.0,2017,1200,21.059,
8.7,7,1.0,2017,1400,20.844,
8.7,7,1.0,2018,200,23.965,
8.7,7,1.0,2018,400,22.027,
8.7,7,1.0,2018,600,20.485,
8.7,7,1.0,2018,800,21.361,
8.7,7,1.0,2018,1000,21.894,
8.7,7,1.0,2018,1200,22.421,
8.7,7,1.0,2018,1400,22.182,
8.7,7,1.0,2019,200,25.798,
8.7,7,1.0,2019,400,23.598,
8.7,7,1.0,2019,600,21.763,
8.7,7,1.0,2019,800,22.675,
8.7,7,1.0,2019,1000,23.237,
8.7,7,1.0,2019,1200,23.802,
8.7,7,1.0,2019,1400,23.541,
8.7,7,1.0,2020,200,27.937,
8.7,7,1.0,2020,400,25.367,
8.7,7,1.0,2020,600,23.089,
8.7,7,1.0,2020,800,24.018,
8.7,7,1.0,2020,1000,24.603,
8.7,7,1.0,2020,1200,25.204,
8.7,7,1.0,2020,1400,24.921,
8.7,7,1.0,2021,200,29.742,
8.7,7,1.0,2021,400,26.971,
8.7,7,1.0,2021,600,24.441,
8.7,7,1.0,2021,800,25.386,
8.7,7,1.0,2021,1000,25.99,
8.7,7,1.0,2021,1200,26.627,
8.7,7,1.0,2021,1400,26.321,
8.7,7,1.0,2022,200,31.186,
8.7,7,1.0,2022,400,28.332,
8.7,7,1.0,2022,600,25.76,
8.7,7,1.0,2022,800,26.759,
8.7,7,1.0,2022,1000,27.392,
8.7,7,1.0,2022,1200,28.07,
8.7,7,1.0,2022,1400,27.738,
8.7,7,1.0,2023,200,32.576,
8.7,7,1.0,2023,400,29.578,
8.7,7,1.0,2023,600,26.97,
8.7,7,1.0,2023,800,28.083,
8.7,7,1.0,2023,1000,28.783,
8.7,7,1.0,2023,1200,29.529,
8.7,7,1.0,2023,1400,29.165,
8.7,7,1.0,2024,200,33.661,
8.7,7,1.0,2024,400,30.651,
8.7,7,1.0,2024,600,28.175,
8.7,7,1.0,2024,800,29.419,
8.7,7,1.0,2024,1000,30.191,
8.7,7,1.0,2024,1200,31.008,
8.7,7,1.0,2024,1400,30.61,
8.7,7,1.0,2025,200,34.601,
8.7,7,1.0,2025,400,31.641,
8.7,7,1.0,2025,600,29.377,
8.7,7,1.0,2025,800,30.767,
8.7,7,1.0,2025,1000,31.616,
8.7,7,1.0,2025,1200,32.508,
8.7,7,1.0,2025,1400,32.072,
8.8,8,1.0,2000,200,1.0,
8.8,8,1.0,2000,400,1.0,
8.8,8,1.0,2000,600,1.0,
8.8,8,1.0,2000,800,1.0,
8.8,8,1.0,2000,1000,1.0,
8.8,8,1.0,2000,1200,1.0,
8.8,8,1.0,2000,1400,1.0,
8.8,8,1.0,2001,200,2.716,
8.8,8,1.0,2001,400,2.274,
8.8,8,1.0,2001,600,1.908,
8.8,8,1.0,2001,800,1.977,
8.8,8,1.0,2001,1000,2.004,
8.8,8,1.0,2001,1200,2.022,
8.8,8,1.0,2001,1400,2.018,
8.8,8,1.0,2002,200,3.952,
8.8,8,1.0,2002,400,3.287,
8.8,8,1.0,2002,600,2.815,
8.8,8,1.0,2002,800,2.97,
8.8,8,1.0,2002,1000,3.027,
8.8,8,1.0,2002,1200,3.065,
8.8,8,1.0,2002,1400,3.055,
8.8,8,1.0,2003,200,5.03,
8.8,8,1.0,2003,400,4.216,
8.8,8,1.0,2003,600,3.724,
8.8,8,1.0,2003,800,3.978,
8.8,8,1.0,2003,1000,4.068,
8.8,8,1.0,2003,1200,4.129,
8.8,8,1.0,2003,1400,4.112,
8.8,8,1.0,2004,200,6.187,
8.8,8,1.0,2004,400,5.23,
8.8,8,1.0,2004,600,4.673,
8.8,8,1.0,2004,800,5.011,
8.8,8,1.0,2004,1000,5.13,
8.8,8,1.0,2004,1200,5.214,
8.8,8,1.0,2004,1400,5.19,
8.8,8,1.0,2005,200,7.409,
8.8,8,1.0,2005,400,6.318,
8.8,8,1.0,2005,600,5.661,
8.8,8,1.0,2005,800,6.069,
8.8,8,1.0,2005,1000,6.213,
8.8,8,1.0,2005,1200,6.32,
8.8,8,1.0,2005,1400,6.288,
8.8,8,1.0,2006,200,8.687,
8.8,8,1.0,2006,400,7.473,
8.8,8,1.0,2006,600,6.688,
8.8,8,1.0,2006,800,7.151,
8.8,8,1.0,2006,1000,7.317,
8.8,8,1.0,2006,1200,7.446,
8.8,8,1.0,2006,1400,7.407,
8.8,8,1.0,2007,200,10.477,
8.8,8,1.0,2007,400,8.948,
8.8,8,1.0,2007,600,7.763,
8.8,8,1.0,2007,800,8.259,
8.8,8,1.0,2007,1000,8.444,
8.8,8,1.0,2007,1200,8.592,
8.8,8,1.0,2007,1400,8.548,
8.8,8,1.0,2008,200,12.752,
8.8,8,1.0,2008,400,10.728,
8.8,8,1.0,2008,600,8.885,
8.8,8,1.0,2008,800,9.393,
8.8,8,1.0,2008,1000,9.593,
8.8,8,1.0,2008,1200,9.759,
8.8,8,1.0,2008,1400,9.709,
8.8,8,1.0,2009,200,15.488,
8.8,8,1.0,2009,400,12.802,
8.8,8,1.0,2009,600,10.055,
8.8,8,1.0,2009,800,10.553,
8.8,8,1.0,2009,1000,10.764,
8.8,8,1.0,2009,1200,10.947,
8.8,8,1.0,2009,1400,10.891,
8.8,8,1.0,2010,200,17.575,
8.8,8,1.0,2010,400,14.562,
8.8,8,1.0,2010,600,11.258,
8.8,8,1.0,2010,800,11.737,
8.8,8,1.0,2010,1000,11.956,
8.8,8,1.0,2010,1200,12.155,
8.8,8,1.0,2010,1400,12.094,
8.8,8,1.0,2011,200,19.171,
8.8,8,1.0,2011,400,15.964,
8.8,8,1.0,2011,600,12.424,
8.8,8,1.0,2011,800,12.934,
8.8,8,1.0,2011,1000,13.166,
8.8,8,1.0,2011,1200,13.385,
8.8,8,1.0,2011,1400,13.316,
8.8,8,1.0,2012,200,21.158,
8.8,8,1.0,2012,400,17.433,
8.8,8,1.0,2012,600,13.477,
8.8,8,1.0,2012,800,14.099,
8.8,8,1.0,2012,1000,14.376,
8.8,8,1.0,2012,1200,14.637,
8.8,8,1.0,2012,1400,14.555,
8.8,8,1.0,2013,200,22.494,
8.8,8,1.0,2013,400,18.543,
8.8,8,1.0,2013,600,14.522,
8.8,8,1.0,2013,800,15.278,
8.8,8,1.0,2013,1000,15.604,
8.8,8,1.0,2013,1200,15.911,
8.8,8,1.0,2013,1400,15.814,
8.8,8,1.0,2014,200,23.62,
8.8,8,1.0,2014,400,19.538,
8.8,8,1.0,2014,600,15.564,
8.8,8,1.0,2014,800,16.471,
8.8,8,1.0,2014,1000,16.85,
8.8,8,1.0,2014,1200,17.207,
8.8,8,1.0,2014,1400,17.092,
8.8,8,1.0,2015,200,24.805,
8.8,8,1.0,2015,400,20.607,
8.8,8,1.0,2015,600,16.645,
8.8,8,1.0,2015,800,17.689,
8.8,8,1.0,2015,1000,18.116,
8.8,8,1.0,2015,1200,18.523,
8.8,8,1.0,2015,1400,18.39,
8.8,8,1.0,2016,200,26.046,
8.8,8,1.0,2016,400,21.744,
8.8,8,1.0,2016,600,17.765,
8.8,8,1.0,2016,800,18.931,
8.8,8,1.0,2016,1000,19.403,
8.8,8,1.0,2016,1200,19.861,
8.8,8,1.0,2016,1400,19.709,
8.8,8,1.0,2017,200,27.334,
8.8,8,1.0,2017,400,22.944,
8.8,8,1.0,2017,600,18.923,
8.8,8,1.0,2017,800,20.198,
8.8,8,1.0,2017,1000,20.711,
8.8,8,1.0,2017,1200,21.218,
8.8,8,1.0,2017,1400,21.048,
8.8,8,1.0,2018,200,29.134,
8.8,8,1.0,2018,400,24.464,
8.8,8,1.0,2018,600,20.129,
8.8,8,1.0,2018,800,21.49,
8.8,8,1.0,2018,1000,22.042,
8.8,8,1.0,2018,1200,22.597,
8.8,8,1.0,2018,1400,22.409,
8.8,8,1.0,2019,200,31.419,
8.8,8,1.0,2019,400,26.288,
8.8,8,1.0,2019,600,21.383,
8.8,8,1.0,2019,800,22.808,
8.8,8,1.0,2019,1000,23.394,
8.8,8,1.0,2019,1200,23.996,
8.8,8,1.0,2019,1400,23.79,
8.8,8,1.0,2020,200,34.165,
8.8,8,1.0,2020,400,28.406,
8.8,8,1.0,2020,600,22.684,
8.8,8,1.0,2020,800,24.152,
8.8,8,1.0,2020,1000,24.769,
8.8,8,1.0,2020,1200,25.416,
8.8,8,1.0,2020,1400,25.192,
8.8,8,1.0,2021,200,36.257,
8.8,8,1.0,2021,400,30.207,
8.8,8,1.0,2021,600,24.018,
8.8,8,1.0,2021,800,25.52,
8.8,8,1.0,2021,1000,26.165,
8.8,8,1.0,2021,1200,26.856,
8.8,8,1.0,2021,1400,26.615,
8.8,8,1.0,2022,200,37.868,
8.8,8,1.0,2022,400,31.653,
8.8,8,1.0,2022,600,25.311,
8.8,8,1.0,2022,800,26.899,
8.8,8,1.0,2022,1000,27.576,
8.8,8,1.0,2022,1200,28.319,
8.8,8,1.0,2022,1400,28.057,
8.8,8,1.0,2023,200,39.924,
8.8,8,1.0,2023,400,33.191,
8.8,8,1.0,2023,600,26.484,
8.8,8,1.0,2023,800,28.24,
8.8,8,1.0,2023,1000,28.987,
8.8,8,1.0,2023,1200,29.804,
8.8,8,1.0,2023,1400,29.515,
8.8,8,1.0,2024,200,41.29,
8.8,8,1.0,2024,400,34.348,
8.8,8,1.0,2024,600,27.646,
8.8,8,1.0,2024,800,29.593,
8.8,8,1.0,2024,1000,30.413,
8.8,8,1.0,2024,1200,31.312,
8.8,8,1.0,2024,1400,30.992,
8.8,8,1.0,2025,200,42.433,
8.8,8,1.0,2025,400,35.381,
8.8,8,1.0,2025,600,28.801,
8.8,8,1.0,2025,800,30.959,
8.8,8,1.0,2025,1000,31.857,
8.8,8,1.0,2025,1200,32.842,
8.8,8,1.0,2025,1400,32.488,
8.9,1,0.5,2000,200,1.0,
8.9,1,0.5,2000,400,1.0,
8.9,1,0.5,2000,600,1.0,
8.9,1,0.5,2000,800,1.0,
8.9,1,0.5,2000,1000,1.0,
8.9,1,0.5,2000,1200,1.0,
8.9,1,0.5,2000,1400,1.0,
8.9,1,0.5,2001,200,2.382,
8.9,1,0.5,2001,400,2.116,
8.9,1,0.5,2001,600,1.86,
8.9,1,0.5,2001,800,1.938,
8.9,1,0.5,2001,1000,1.985,
8.9,1,0.5,2001,1200,2.023,
8.9,1,0.5,2001,1400,2.012,
8.9,1,0.5,2002,200,3.571,
8.9,1,0.5,2002,400,3.12,
8.9,1,0.5,2002,600,2.706,
8.9,1,0.5,2002,800,2.883,
8.9,1,0.5,2002,1000,2.986,
8.9,1,0.5,2002,1200,3.068,
8.9,1,0.5,2002,1400,3.041,
8.9,1,0.5,2003,200,4.693,
8.9,1,0.5,2003,400,4.077,
8.9,1,0.5,2003,600,3.539,
8.9,1,0.5,2003,800,3.836,
8.9,1,0.5,2003,1000,4.003,
8.9,1,0.5,2003,1200,4.138,
8.9,1,0.5,2003,1400,4.089,
8.9,1,0.5,2004,200,5.972,
8.9,1,0.5,2004,400,5.151,
8.9,1,0.5,2004,600,4.416,
8.9,1,0.5,2004,800,4.819,
8.9,1,0.5,2004,1000,5.041,
8.9,1,0.5,2004,1200,5.228,
8.9,1,0.5,2004,1400,5.156,
8.9,1,0.5,2005,200,7.348,
8.9,1,0.5,2005,400,6.306,
8.9,1,0.5,2005,600,5.335,
8.9,1,0.5,2005,800,5.83,
8.9,1,0.5,2005,1000,6.103,
8.9,1,0.5,2005,1200,6.341,
8.9,1,0.5,2005,1400,6.242,
8.9,1,0.5,2006,200,8.492,
8.9,1,0.5,2006,400,7.332,
8.9,1,0.5,2006,600,6.262,
8.9,1,0.5,2006,800,6.854,
8.9,1,0.5,2006,1000,7.173,
8.9,1,0.5,2006,1200,7.465,
8.9,1,0.5,2006,1400,7.335,
8.9,1,0.5,2007,200,9.832,
8.9,1,0.5,2007,400,8.492,
8.9,1,0.5,2007,600,7.224,
8.9,1,0.5,2007,800,7.893,
8.9,1,0.5,2007,1000,8.255,
8.9,1,0.5,2007,1200,8.601,
8.9,1,0.5,2007,1400,8.438,
8.9,1,0.5,2008,200,11.35,
8.9,1,0.5,2008,400,9.776,
8.9,1,0.5,2008,600,8.221,
8.9,1,0.5,2008,800,8.947,
8.9,1,0.5,2008,1000,9.348,
8.9,1,0.5,2008,1200,9.748,
8.9,1,0.5,2008,1400,9.552,
8.9,1,0.5,2009,200,13.031,
8.9,1,0.5,2009,400,11.174,
8.9,1,0.5,2009,600,9.252,
8.9,1,0.5,2009,800,10.017,
8.9,1,0.5,2009,1000,10.453,
8.9,1,0.5,2009,1200,10.907,
8.9,1,0.5,2009,1400,10.676,
8.9,1,0.5,2010,200,14.364,
8.9,1,0.5,2010,400,12.375,
8.9,1,0.5,2010,600,10.286,
8.9,1,0.5,2010,800,11.099,
8.9,1,0.5,2010,1000,11.566,
8.9,1,0.5,2010,1200,12.077,
8.9,1,0.5,2010,1400,11.807,
8.9,1,0.5,2011,200,15.299,
8.9,1,0.5,2011,400,13.289,
8.9,1,0.5,2011,600,11.252,
8.9,1,0.5,2011,800,12.166,
8.9,1,0.5,2011,1000,12.681,
8.9,1,0.5,2011,1200,13.261,
8.9,1,0.5,2011,1400,12.944,
8.9,1,0.5,2012,200,16.32,
8.9,1,0.5,2012,400,14.162,
8.9,1,0.5,2012,600,12.068,
8.9,1,0.5,2012,800,13.154,
8.9,1,0.5,2012,1000,13.766,
8.9,1,0.5,2012,1200,14.458,
8.9,1,0.5,2012,1400,14.08,
8.9,1,0.5,2013,200,17.072,
8.9,1,0.5,2013,400,14.869,
8.9,1,0.5,2013,600,12.848,
8.9,1,0.5,2013,800,14.133,
8.9,1,0.5,2013,1000,14.853,
8.9,1,0.5,2013,1200,15.669,
8.9,1,0.5,2013,1400,15.222,
8.9,1,0.5,2014,200,17.727,
8.9,1,0.5,2014,400,15.503,
8.9,1,0.5,2014,600,13.596,
8.9,1,0.5,2014,800,15.104,
8.9,1,0.5,2014,1000,15.942,
8.9,1,0.5,2014,1200,16.893,
8.9,1,0.5,2014,1400,16.37,
8.9,1,0.5,2015,200,18.425,
8.9,1,0.5,2015,400,16.171,
8.9,1,0.5,2015,600,14.358,
8.9,1,0.5,2015,800,16.089,
8.9,1,0.5,2015,1000,17.041,
8.9,1,0.5,2015,1200,18.129,
8.9,1,0.5,2015,1400,17.525,
8.9,1,0.5,2016,200,19.146,
8.9,1,0.5,2016,400,16.861,
8.9,1,0.5,2016,600,15.135,
8.9,1,0.5,2016,800,17.086,
8.9,1,0.5,2016,1000,18.149,
8.9,1,0.5,2016,1200,19.377,
8.9,1,0.5,2016,1400,18.687,
8.9,1,0.5,2017,200,19.882,
8.9,1,0.5,2017,400,17.565,
8.9,1,0.5,2017,600,15.927,
8.9,1,0.5,2017,800,18.097,
8.9,1,0.5,2017,1000,19.267,
8.9,1,0.5,2017,1200,20.637,
8.9,1,0.5,2017,1400,19.856,
8.9,1,0.5,2018,200,20.845,
8.9,1,0.5,2018,400,18.421,
8.9,1,0.5,2018,600,16.755,
8.9,1,0.5,2018,800,19.123,
8.9,1,0.5,2018,1000,20.396,
8.9,1,0.5,2018,1200,21.908,
8.9,1,0.5,2018,1400,21.036,
8.9,1,0.5,2019,200,22.015,
8.9,1,0.5,2019,400,19.415,
8.9,1,0.5,2019,600,17.619,
8.9,1,0.5,2019,800,20.164,
8.9,1,0.5,2019,1000,21.536,
8.9,1,0.5,2019,1200,23.191,
8.9,1,0.5,2019,1400,22.226,
8.9,1,0.5,2020,200,23.374,
8.9,1,0.5,2020,400,20.539,
8.9,1,0.5,2020,600,18.518,
8.9,1,0.5,2020,800,21.222,
8.9,1,0.5,2020,1000,22.689,
8.9,1,0.5,2020,1200,24.486,
8.9,1,0.5,2020,1400,23.426,
8.9,1,0.5,2021,200,24.499,
8.9,1,0.5,2021,400,21.536,
8.9,1,0.5,2021,600,19.427,
8.9,1,0.5,2021,800,22.291,
8.9,1,0.5,2021,1000,23.85,
8.9,1,0.5,2021,1200,25.793,
8.9,1,0.5,2021,1400,24.633,
8.9,1,0.5,2022,200,25.317,
8.9,1,0.5,2022,400,22.322,
8.9,1,0.5,2022,600,20.29,
8.9,1,0.5,2022,800,23.349,
8.9,1,0.5,2022,1000,25.013,
8.9,1,0.5,2022,1200,27.114,
8.9,1,0.5,2022,1400,25.846,
8.9,1,0.5,2023,200,26.237,
8.9,1,0.5,2023,400,23.104,
8.9,1,0.5,2023,600,21.04,
8.9,1,0.5,2023,800,24.335,
8.9,1,0.5,2023,1000,26.147,
8.9,1,0.5,2023,1200,28.448,
8.9,1,0.5,2023,1400,27.057,
8.9,1,0.5,2024,200,26.937,
8.9,1,0.5,2024,400,23.753,
8.9,1,0.5,2024,600,21.764,
8.9,1,0.5,2024,800,25.313,
8.9,1,0.5,2024,1000,27.284,
8.9,1,0.5,2024,1200,29.797,
8.9,1,0.5,2024,1400,28.274,
8.9,1,0.5,2025,200,27.562,
8.9,1,0.5,2025,400,24.348,
8.9,1,0.5,2025,600,22.465,
8.9,1,0.5,2025,800,26.285,
8.9,1,0.5,2025,1000,28.423,
8.9,1,0.5,2025,1200,31.16,
8.9,1,0.5,2025,1400,29.496,
8.10,2,0.5,2000,200,1.0,
8.10,2,0.5,2000,400,1.0,
8.10,2,0.5,2000,600,1.0,
8.10,2,0.5,2000,800,1.0,
8.10,2,0.5,2000,1000,1.0,
8.10,2,0.5,2000,1200,1.0,
8.10,2,0.5,2000,1400,1.0,
8.10,2,0.5,2001,200,2.514,
8.10,2,0.5,2001,400,2.182,
8.10,2,0.5,2001,600,1.848,
8.10,2,0.5,2001,800,1.933,
8.10,2,0.5,2001,1000,1.982,
8.10,2,0.5,2001,1200,2.022,
8.10,2,0.5,2001,1400,2.011,
8.10,2,0.5,2002,200,3.809,
8.10,2,0.5,2002,400,3.238,
8.10,2,0.5,2002,600,2.687,
8.10,2,0.5,2002,800,2.872,
8.10,2,0.5,2002,1000,2.978,
8.10,2,0.5,2002,1200,3.068,
8.10,2,0.5,2002,1400,3.039,
8.10,2,0.5,2003,200,5.039,
8.10,2,0.5,2003,400,4.249,
8.10,2,0.5,2003,600,3.516,
8.10,2,0.5,2003,800,3.818,
8.10,2,0.5,2003,1000,3.99,
8.10,2,0.5,2003,1200,4.137,
8.10,2,0.5,2003,1400,4.084,
8.10,2,0.5,2004,200,6.417,
8.10,2,0.5,2004,400,5.377,
8.10,2,0.5,2004,600,4.391,
8.10,2,0.5,2004,800,4.795,
8.10,2,0.5,2004,1000,5.025,
8.10,2,0.5,2004,1200,5.228,
8.10,2,0.5,2004,1400,5.149,
8.10,2,0.5,2005,200,7.873,
8.10,2,0.5,2005,400,6.58,
8.10,2,0.5,2005,600,5.311,
8.10,2,0.5,2005,800,5.803,
8.10,2,0.5,2005,1000,6.083,
8.10,2,0.5,2005,1200,6.34,
8.10,2,0.5,2005,1400,6.233,
8.10,2,0.5,2006,200,9.04,
8.10,2,0.5,2006,400,7.626,
8.10,2,0.5,2006,600,6.237,
8.10,2,0.5,2006,800,6.822,
8.10,2,0.5,2006,1000,7.149,
8.10,2,0.5,2006,1200,7.464,
8.10,2,0.5,2006,1400,7.323,
8.10,2,0.5,2007,200,10.431,
8.10,2,0.5,2007,400,8.822,
8.10,2,0.5,2007,600,7.201,
8.10,2,0.5,2007,800,7.858,
8.10,2,0.5,2007,1000,8.227,
8.10,2,0.5,2007,1200,8.599,
8.10,2,0.5,2007,1400,8.424,
8.10,2,0.5,2008,200,12.023,
8.10,2,0.5,2008,400,10.155,
8.10,2,0.5,2008,600,8.201,
8.10,2,0.5,2008,800,8.91,
8.10,2,0.5,2008,1000,9.317,
8.10,2,0.5,2008,1200,9.746,
8.10,2,0.5,2008,1400,9.535,
8.10,2,0.5,2009,200,13.795,
8.10,2,0.5,2009,400,11.615,
8.10,2,0.5,2009,600,9.237,
8.10,2,0.5,2009,800,9.978,
8.10,2,0.5,2009,1000,10.417,
8.10,2,0.5,2009,1200,10.904,
8.10,2,0.5,2009,1400,10.656,
8.10,2,0.5,2010,200,15.145,
8.10,2,0.5,2010,400,12.837,
8.10,2,0.5,2010,600,10.275,
8.10,2,0.5,2010,800,11.057,
8.10,2,0.5,2010,1000,11.527,
8.10,2,0.5,2010,1200,12.073,
8.10,2,0.5,2010,1400,11.783,
8.10,2,0.5,2011,200,16.12,
8.10,2,0.5,2011,400,13.774,
8.10,2,0.5,2011,600,11.244,
8.10,2,0.5,2011,800,12.12,
8.10,2,0.5,2011,1000,12.637,
8.10,2,0.5,2011,1200,13.256,
8.10,2,0.5,2011,1400,12.916,
8.10,2,0.5,2012,200,17.229,
8.10,2,0.5,2012,400,14.69,
8.10,2,0.5,2012,600,12.052,
8.10,2,0.5,2012,800,13.099,
8.10,2,0.5,2012,1000,13.713,
8.10,2,0.5,2012,1200,14.452,
8.10,2,0.5,2012,1400,14.047,
8.10,2,0.5,2013,200,18.042,
8.10,2,0.5,2013,400,15.425,
8.10,2,0.5,2013,600,12.827,
8.10,2,0.5,2013,800,14.067,
8.10,2,0.5,2013,1000,14.791,
8.10,2,0.5,2013,1200,15.662,
8.10,2,0.5,2013,1400,15.183,
8.10,2,0.5,2014,200,18.762,
8.10,2,0.5,2014,400,16.09,
8.10,2,0.5,2014,600,13.572,
8.10,2,0.5,2014,800,15.028,
8.10,2,0.5,2014,1000,15.871,
8.10,2,0.5,2014,1200,16.885,
8.10,2,0.5,2014,1400,16.324,
8.10,2,0.5,2015,200,19.511,
8.10,2,0.5,2015,400,16.784,
8.10,2,0.5,2015,600,14.334,
8.10,2,0.5,2015,800,16.002,
8.10,2,0.5,2015,1000,16.96,
8.10,2,0.5,2015,1200,18.119,
8.10,2,0.5,2015,1400,17.472,
8.10,2,0.5,2016,200,20.27,
8.10,2,0.5,2016,400,17.496,
8.10,2,0.5,2016,600,15.111,
8.10,2,0.5,2016,800,16.99,
8.10,2,0.5,2016,1000,18.058,
8.10,2,0.5,2016,1200,19.365,
8.10,2,0.5,2016,1400,18.627,
8.10,2,0.5,2017,200,21.031,
8.10,2,0.5,2017,400,18.218,
8.10,2,0.5,2017,600,15.904,
8.10,2,0.5,2017,800,17.99,
8.10,2,0.5,2017,1000,19.166,
8.10,2,0.5,2017,1200,20.623,
8.10,2,0.5,2017,1400,19.789,
8.10,2,0.5,2018,200,22.05,
8.10,2,0.5,2018,400,19.11,
8.10,2,0.5,2018,600,16.736,
8.10,2,0.5,2018,800,19.008,
8.10,2,0.5,2018,1000,20.286,
8.10,2,0.5,2018,1200,21.892,
8.10,2,0.5,2018,1400,20.962,
8.10,2,0.5,2019,200,23.3,
8.10,2,0.5,2019,400,20.155,
8.10,2,0.5,2019,600,17.604,
8.10,2,0.5,2019,800,20.041,
8.10,2,0.5,2019,1000,21.417,
8.10,2,0.5,2019,1200,23.173,
8.10,2,0.5,2019,1400,22.144,
8.10,2,0.5,2020,200,24.756,
8.10,2,0.5,2020,400,21.341,
8.10,2,0.5,2020,600,18.51,
8.10,2,0.5,2020,800,21.091,
8.10,2,0.5,2020,1000,22.559,
8.10,2,0.5,2020,1200,24.466,
8.10,2,0.5,2020,1400,23.336,
8.10,2,0.5,2021,200,25.912,
8.10,2,0.5,2021,400,22.366,
8.10,2,0.5,2021,600,19.425,
8.10,2,0.5,2021,800,22.153,
8.10,2,0.5,2021,1000,23.711,
8.10,2,0.5,2021,1200,25.77,
8.10,2,0.5,2021,1400,24.535,
8.10,2,0.5,2022,200,26.769,
8.10,2,0.5,2022,400,23.175,
8.10,2,0.5,2022,600,20.295,
8.10,2,0.5,2022,800,23.202,
8.10,2,0.5,2022,1000,24.864,
8.10,2,0.5,2022,1200,27.088,
8.10,2,0.5,2022,1400,25.739,
8.10,2,0.5,2023,200,27.768,
8.10,2,0.5,2023,400,23.997,
8.10,2,0.5,2023,600,21.041,
8.10,2,0.5,2023,800,24.176,
8.10,2,0.5,2023,1000,25.985,
8.10,2,0.5,2023,1200,28.419,
8.10,2,0.5,2023,1400,26.94,
8.10,2,0.5,2024,200,28.525,
8.10,2,0.5,2024,400,24.674,
8.10,2,0.5,2024,600,21.765,
8.10,2,0.5,2024,800,25.141,
8.10,2,0.5,2024,1000,27.107,
8.10,2,0.5,2024,1200,29.764,
8.10,2,0.5,2024,1400,28.146,
8.10,2,0.5,2025,200,29.21,
8.10,2,0.5,2025,400,25.297,
8.10,2,0.5,2025,600,22.468,
8.10,2,0.5,2025,800,26.101,
8.10,2,0.5,2025,1000,28.232,
8.10,2,0.5,2025,1200,31.124,
8.10,2,0.5,2025,1400,29.357,
8.11,3,0.5,2000,200,1.0,
8.11,3,0.5,2000,400,1.0,
8.11,3,0.5,2000,600,1.0,
8.11,3,0.5,2000,800,1.0,
8.11,3,0.5,2000,1000,1.0,
8.11,3,0.5,2000,1200,1.0,
8.11,3,0.5,2000,1400,1.0,
8.11,3,0.5,2001,200,2.434,
8.11,3,0.5,2001,400,2.15,
8.11,3,0.5,2001,600,1.87,
8.11,3,0.5,2001,800,1.951,
8.11,3,0.5,2001,1000,1.992,
8.11,3,0.5,2001,1200,2.022,
8.11,3,0.5,2001,1400,2.013,
8.11,3,0.5,2002,200,3.692,
8.11,3,0.5,2002,400,3.188,
8.11,3,0.5,2002,600,2.73,
8.11,3,0.5,2002,800,2.913,
8.11,3,0.5,2002,1000,3.0,
8.11,3,0.5,2002,1200,3.066,
8.11,3,0.5,2002,1400,3.044,
8.11,3,0.5,2003,200,4.884,
8.11,3,0.5,2003,400,4.176,
8.11,3,0.5,2003,600,3.581,
8.11,3,0.5,2003,800,3.887,
8.11,3,0.5,2003,1000,4.025,
8.11,3,0.5,2003,1200,4.132,
8.11,3,0.5,2003,1400,4.094,
8.11,3,0.5,2004,200,6.15,
8.11,3,0.5,2004,400,5.243,
8.11,3,0.5,2004,600,4.478,
8.11,3,0.5,2004,800,4.889,
8.11,3,0.5,2004,1000,5.072,
8.11,3,0.5,2004,1200,5.221,
8.11,3,0.5,2004,1400,5.164,
8.11,3,0.5,2005,200,7.447,
8.11,3,0.5,2005,400,6.36,
8.11,3,0.5,2005,600,5.417,
8.11,3,0.5,2005,800,5.918,
8.11,3,0.5,2005,1000,6.142,
8.11,3,0.5,2005,1200,6.33,
8.11,3,0.5,2005,1400,6.253,
8.11,3,0.5,2006,200,8.463,
8.11,3,0.5,2006,400,7.332,
8.11,3,0.5,2006,600,6.369,
8.11,3,0.5,2006,800,6.96,
8.11,3,0.5,2006,1000,7.221,
8.11,3,0.5,2006,1200,7.451,
8.11,3,0.5,2006,1400,7.351,
8.11,3,0.5,2007,200,9.695,
8.11,3,0.5,2007,400,8.446,
8.11,3,0.5,2007,600,7.352,
8.11,3,0.5,2007,800,8.016,
8.11,3,0.5,2007,1000,8.312,
8.11,3,0.5,2007,1200,8.583,
8.11,3,0.5,2007,1400,8.459,
8.11,3,0.5,2008,200,11.126,
8.11,3,0.5,2008,400,9.693,
8.11,3,0.5,2008,600,8.367,
8.11,3,0.5,2008,800,9.088,
8.11,3,0.5,2008,1000,9.414,
8.11,3,0.5,2008,1200,9.727,
8.11,3,0.5,2008,1400,9.577,
8.11,3,0.5,2009,200,12.741,
8.11,3,0.5,2009,400,11.064,
8.11,3,0.5,2009,600,9.414,
8.11,3,0.5,2009,800,10.173,
8.11,3,0.5,2009,1000,10.528,
8.11,3,0.5,2009,1200,10.882,
8.11,3,0.5,2009,1400,10.705,
8.11,3,0.5,2010,200,13.943,
8.11,3,0.5,2010,400,12.214,
8.11,3,0.5,2010,600,10.467,
8.11,3,0.5,2010,800,11.271,
8.11,3,0.5,2010,1000,11.65,
8.11,3,0.5,2010,1200,12.048,
8.11,3,0.5,2010,1400,11.842,
8.11,3,0.5,2011,200,14.873,
8.11,3,0.5,2011,400,13.134,
8.11,3,0.5,2011,600,11.461,
8.11,3,0.5,2011,800,12.36,
8.11,3,0.5,2011,1000,12.776,
8.11,3,0.5,2011,1200,13.227,
8.11,3,0.5,2011,1400,12.985,
8.11,3,0.5,2012,200,15.927,
8.11,3,0.5,2012,400,14.04,
8.11,3,0.5,2012,600,12.315,
8.11,3,0.5,2012,800,13.383,
8.11,3,0.5,2012,1000,13.879,
8.11,3,0.5,2012,1200,14.417,
8.11,3,0.5,2012,1400,14.129,
8.11,3,0.5,2013,200,16.741,
8.11,3,0.5,2013,400,14.787,
8.11,3,0.5,2013,600,13.137,
8.11,3,0.5,2013,800,14.402,
8.11,3,0.5,2013,1000,14.986,
8.11,3,0.5,2013,1200,15.62,
8.11,3,0.5,2013,1400,15.279,
8.11,3,0.5,2014,200,17.461,
8.11,3,0.5,2014,400,15.459,
8.11,3,0.5,2014,600,13.931,
8.11,3,0.5,2014,800,15.418,
8.11,3,0.5,2014,1000,16.097,
8.11,3,0.5,2014,1200,16.835,
8.11,3,0.5,2014,1400,16.436,
8.11,3,0.5,2015,200,18.161,
8.11,3,0.5,2015,400,16.136,
8.11,3,0.5,2015,600,14.742,
8.11,3,0.5,2015,800,16.446,
8.11,3,0.5,2015,1000,17.218,
8.11,3,0.5,2015,1200,18.062,
8.11,3,0.5,2015,1400,17.602,
8.11,3,0.5,2016,200,18.837,
8.11,3,0.5,2016,400,16.815,
8.11,3,0.5,2016,600,15.572,
8.11,3,0.5,2016,800,17.488,
8.11,3,0.5,2016,1000,18.348,
8.11,3,0.5,2016,1200,19.3,
8.11,3,0.5,2016,1400,18.775,
8.11,3,0.5,2017,200,19.493,
8.11,3,0.5,2017,400,17.495,
8.11,3,0.5,2017,600,16.419,
8.11,3,0.5,2017,800,18.542,
8.11,3,0.5,2017,1000,19.489,
8.11,3,0.5,2017,1200,20.549,
8.11,3,0.5,2017,1400,19.957,
8.11,3,0.5,2018,200,20.386,
8.11,3,0.5,2018,400,18.328,
8.11,3,0.5,2018,600,17.298,
8.11,3,0.5,2018,800,19.612,
8.11,3,0.5,2018,1000,20.641,
8.11,3,0.5,2018,1200,21.81,
8.11,3,0.5,2018,1400,21.149,
8.11,3,0.5,2019,200,21.496,
8.11,3,0.5,2019,400,19.305,
8.11,3,0.5,2019,600,18.21,
8.11,3,0.5,2019,800,20.696,
8.11,3,0.5,2019,1000,21.804,
8.11,3,0.5,2019,1200,23.082,
8.11,3,0.5,2019,1400,22.351,
8.11,3,0.5,2020,200,22.807,
8.11,3,0.5,2020,400,20.416,
8.11,3,0.5,2020,600,19.154,
8.11,3,0.5,2020,800,21.795,
8.11,3,0.5,2020,1000,22.979,
8.11,3,0.5,2020,1200,24.365,
8.11,3,0.5,2020,1400,23.563,
8.11,3,0.5,2021,200,23.824,
8.11,3,0.5,2021,400,21.376,
8.11,3,0.5,2021,600,20.11,
8.11,3,0.5,2021,800,22.906,
8.11,3,0.5,2021,1000,24.164,
8.11,3,0.5,2021,1200,25.66,
8.11,3,0.5,2021,1400,24.784,
8.11,3,0.5,2022,200,24.629,
8.11,3,0.5,2022,400,22.166,
8.11,3,0.5,2022,600,21.025,
8.11,3,0.5,2022,800,24.01,
8.11,3,0.5,2022,1000,25.351,
8.11,3,0.5,2022,1200,26.968,
8.11,3,0.5,2022,1400,26.011,
8.11,3,0.5,2023,200,25.567,
8.11,3,0.5,2023,400,22.974,
8.11,3,0.5,2023,600,21.832,
8.11,3,0.5,2023,800,25.055,
8.11,3,0.5,2023,1000,26.517,
8.11,3,0.5,2023,1200,28.288,
8.11,3,0.5,2023,1400,27.238,
8.11,3,0.5,2024,200,26.316,
8.11,3,0.5,2024,400,23.658,
8.11,3,0.5,2024,600,22.615,
8.11,3,0.5,2024,800,26.096,
8.11,3,0.5,2024,1000,27.687,
8.11,3,0.5,2024,1200,29.62,
8.11,3,0.5,2024,1400,28.471,
8.11,3,0.5,2025,200,26.993,
8.11,3,0.5,2025,400,24.287,
8.11,3,0.5,2025,600,23.377,
8.11,3,0.5,2025,800,27.136,
8.11,3,0.5,2025,1000,28.862,
8.11,3,0.5,2025,1200,30.965,
8.11,3,0.5,2025,1400,29.712,
8.12,4,0.5,2000,200,1.0,
8.12,4,0.5,2000,400,1.0,
8.12,4,0.5,2000,600,1.0,
8.12,4,0.5,2000,800,1.0,
8.12,4,0.5,2000,1000,1.0,
8.12,4,0.5,2000,1200,1.0,
8.12,4,0.5,2000,1400,1.0,
8.12,4,0.5,2001,200,2.452,
8.12,4,0.5,2001,400,2.157,
8.12,4,0.5,2001,600,1.877,
8.12,4,0.5,2001,800,1.955,
8.12,4,0.5,2001,1000,1.993,
8.12,4,0.5,2001,1200,2.02,
8.12,4,0.5,2001,1400,2.013,
8.12,4,0.5,2002,200,3.695,
8.12,4,0.5,2002,400,3.19,
8.12,4,0.5,2002,600,2.749,
8.12,4,0.5,2002,800,2.922,
8.12,4,0.5,2002,1000,3.003,
8.12,4,0.5,2002,1200,3.063,
8.12,4,0.5,2002,1400,3.045,
8.12,4,0.5,2003,200,4.854,
8.12,4,0.5,2003,400,4.165,
8.12,4,0.5,2003,600,3.616,
8.12,4,0.5,2003,800,3.901,
8.12,4,0.5,2003,1000,4.03,
8.12,4,0.5,2003,1200,4.127,
8.12,4,0.5,2003,1400,4.095,
8.12,4,0.5,2004,200,6.074,
8.12,4,0.5,2004,400,5.212,
8.12,4,0.5,2004,600,4.527,
8.12,4,0.5,2004,800,4.908,
8.12,4,0.5,2004,1000,5.08,
8.12,4,0.5,2004,1200,5.213,
8.12,4,0.5,2004,1400,5.164,
8.12,4,0.5,2005,200,7.321,
8.12,4,0.5,2005,400,6.308,
8.12,4,0.5,2005,600,5.482,
8.12,4,0.5,2005,800,5.943,
8.12,4,0.5,2005,1000,6.152,
8.12,4,0.5,2005,1200,6.32,
8.12,4,0.5,2005,1400,6.254,
8.12,4,0.5,2006,200,8.304,
8.12,4,0.5,2006,400,7.271,
8.12,4,0.5,2006,600,6.45,
8.12,4,0.5,2006,800,6.991,
8.12,4,0.5,2006,1000,7.233,
8.12,4,0.5,2006,1200,7.437,
8.12,4,0.5,2006,1400,7.352,
8.12,4,0.5,2007,200,9.502,
8.12,4,0.5,2007,400,8.373,
8.12,4,0.5,2007,600,7.447,
8.12,4,0.5,2007,800,8.052,
8.12,4,0.5,2007,1000,8.326,
8.12,4,0.5,2007,1200,8.566,
8.12,4,0.5,2007,1400,8.46,
8.12,4,0.5,2008,200,10.896,
8.12,4,0.5,2008,400,9.605,
8.12,4,0.5,2008,600,8.475,
8.12,4,0.5,2008,800,9.128,
8.12,4,0.5,2008,1000,9.43,
8.12,4,0.5,2008,1200,9.706,
8.12,4,0.5,2008,1400,9.578,
8.12,4,0.5,2009,200,12.473,
8.12,4,0.5,2009,400,10.96,
8.12,4,0.5,2009,600,9.533,
8.12,4,0.5,2009,800,10.218,
8.12,4,0.5,2009,1000,10.545,
8.12,4,0.5,2009,1200,10.857,
8.12,4,0.5,2009,1400,10.707,
8.12,4,0.5,2010,200,13.654,
8.12,4,0.5,2010,400,12.103,
8.12,4,0.5,2010,600,10.599,
8.12,4,0.5,2010,800,11.32,
8.12,4,0.5,2010,1000,11.669,
8.12,4,0.5,2010,1200,12.019,
8.12,4,0.5,2010,1400,11.844,
8.12,4,0.5,2011,200,14.59,
8.12,4,0.5,2011,400,13.037,
8.12,4,0.5,2011,600,11.61,
8.12,4,0.5,2011,800,12.414,
8.12,4,0.5,2011,1000,12.797,
8.12,4,0.5,2011,1200,13.192,
8.12,4,0.5,2011,1400,12.987,
8.12,4,0.5,2012,200,15.674,
8.12,4,0.5,2012,400,13.965,
8.12,4,0.5,2012,600,12.486,
8.12,4,0.5,2012,800,13.447,
8.12,4,0.5,2012,1000,13.904,
8.12,4,0.5,2012,1200,14.376,
8.12,4,0.5,2012,1400,14.131,
8.12,4,0.5,2013,200,16.497,
8.12,4,0.5,2013,400,14.725,
8.12,4,0.5,2013,600,13.336,
8.12,4,0.5,2013,800,14.477,
8.12,4,0.5,2013,1000,15.015,
8.12,4,0.5,2013,1200,15.571,
8.12,4,0.5,2013,1400,15.282,
8.12,4,0.5,2014,200,17.208,
8.12,4,0.5,2014,400,15.405,
8.12,4,0.5,2014,600,14.162,
8.12,4,0.5,2014,800,15.505,
8.12,4,0.5,2014,1000,16.131,
8.12,4,0.5,2014,1200,16.778,
8.12,4,0.5,2014,1400,16.439,
8.12,4,0.5,2015,200,17.894,
8.12,4,0.5,2015,400,16.088,
8.12,4,0.5,2015,600,25.007,15.007
8.12,4,0.5,2015,800,16.546,
8.12,4,0.5,2015,1000,17.256,
8.12,4,0.5,2015,1200,17.995,
8.12,4,0.5,2015,1400,17.605,
8.12,4,0.5,2016,200,18.558,
8.12,4,0.5,2016,400,16.774,
8.12,4,0.5,2016,600,15.87,
8.12,4,0.5,2016,800,17.6,
8.12,4,0.5,2016,1000,18.392,
8.12,4,0.5,2016,1200,19.224,
8.12,4,0.5,2016,1400,18.779,
8.12,4,0.5,2017,200,19.203,
8.12,4,0.5,2017,400,17.464,
8.12,4,0.5,2017,600,16.751,
8.12,4,0.5,2017,800,18.666,
8.12,4,0.5,2017,1000,19.537,
8.12,4,0.5,2017,1200,20.463,
8.12,4,0.5,2017,1400,19.961,
8.12,4,0.5,2018,200,20.079,
8.12,4,0.5,2018,400,18.302,
8.12,4,0.5,2018,600,17.663,
8.12,4,0.5,2018,800,19.747,
8.12,4,0.5,2018,1000,20.694,
8.12,4,0.5,2018,1200,21.714,
8.12,4,0.5,2018,1400,21.153,
8.12,4,0.5,2019,200,21.167,
8.12,4,0.5,2019,400,19.279,
8.12,4,0.5,2019,600,18.605,
8.12,4,0.5,2019,800,20.843,
8.12,4,0.5,2019,1000,21.862,
8.12,4,0.5,2019,1200,22.976,
8.12,4,0.5,2019,1400,22.356,
8.12,4,0.5,2020,200,22.451,
8.12,4,0.5,2020,400,20.386,
8.12,4,0.5,2020,600,19.578,
8.12,4,0.5,2020,800,21.953,
8.12,4,0.5,2020,1000,23.041,
8.12,4,0.5,2020,1200,24.249,
8.12,4,0.5,2020,1400,23.568,
8.12,4,0.5,2021,200,23.441,
8.12,4,0.5,2021,400,21.344,
8.12,4,0.5,2021,600,20.564,
8.12,4,0.5,2021,800,23.075,
8.12,4,0.5,2021,1000,24.23,
8.12,4,0.5,2021,1200,25.532,
8.12,4,0.5,2021,1400,24.789,
8.12,4,0.5,2022,200,24.242,
8.12,4,0.5,2022,400,22.146,
8.12,4,0.5,2022,600,21.511,
8.12,4,0.5,2022,800,24.192,
8.12,4,0.5,2022,1000,25.423,
8.12,4,0.5,2022,1200,26.828,
8.12,4,0.5,2022,1400,26.017,
8.12,4,0.5,2023,200,25.199,
8.12,4,0.5,2023,400,22.973,
8.12,4,0.5,2023,600,22.354,
8.12,4,0.5,2023,800,25.252,
8.12,4,0.5,2023,1000,26.595,
8.12,4,0.5,2023,1200,28.133,
8.12,4,0.5,2023,1400,27.244,
8.12,4,0.5,2024,200,25.95,
8.12,4,0.5,2024,400,23.67,
8.12,4,0.5,2024,600,23.177,
8.12,4,0.5,2024,800,26.312,
8.12,4,0.5,2024,1000,27.772,
8.12,4,0.5,2024,1200,29.45,
8.12,4,0.5,2024,1400,28.478,
8.12,4,0.5,2025,200,26.616,
8.12,4,0.5,2025,400,24.305,
8.12,4,0.5,2025,600,23.982,
8.12,4,0.5,2025,800,27.37,
8.12,4,0.5,2025,1000,28.954,
8.12,4,0.5,2025,1200,30.779,
8.12,4,0.5,2025,1400,29.719,
8.13,5,0.5,2000,200,1.0,
8.13,5,0.5,2000,400,1.0,
8.13,5,0.5,2000,600,1.0,
8.13,5,0.5,2000,800,1.0,
8.13,5,0.5,2000,1000,1.0,
8.13,5,0.5,2000,1200,1.0,
8.13,5,0.5,2000,1400,1.0,
8.13,5,0.5,2001,200,2.409,
8.13,5,0.5,2001,400,2.132,
8.13,5,0.5,2001,600,1.894,
8.13,5,0.5,2001,800,1.961,
8.13,5,0.5,2001,1000,1.995,
8.13,5,0.5,2001,1200,1.02,2.02
8.13,5,0.5,2001,1400,2.014,
8.13,5,0.5,2002,200,3.584,
8.13,5,0.5,2002,400,3.13,
8.13,5,0.5,2002,600,2.786,
8.13,5,0.5,2002,800,2.935,
8.13,5,0.5,2002,1000,3.008,
8.13,5,0.5,2002,1200,3.062,
8.13,5,0.5,2002,1400,3.046,
8.13,5,0.5,2003,200,4.651,
8.13,5,0.5,2003,400,4.064,
8.13,5,0.5,2003,600,3.678,
8.13,5,0.5,2003,800,3.923,
8.13,5,0.5,2003,1000,4.039,
8.13,5,0.5,2003,1200,4.125,
8.13,5,0.5,2003,1400,4.097,
8.13,5,0.5,2004,200,5.79,
8.13,5,0.5,2004,400,5.072,
8.13,5,0.5,2004,600,4.612,
8.13,5,0.5,2004,800,4.938,
8.13,5,0.5,2004,1000,5.092,
8.13,5,0.5,2004,1200,5.21,
8.13,5,0.5,2004,1400,5.167,
8.13,5,0.5,2005,200,6.974,
8.13,5,0.5,2005,400,6.137,
8.13,5,0.5,2005,600,5.586,
8.13,5,0.5,2005,800,5.98,
8.13,5,0.5,2005,1000,6.167,
8.13,5,0.5,2005,1200,6.316,
8.13,5,0.5,2005,1400,6.258,
8.13,5,0.5,2006,200,7.944,
8.13,5,0.5,2006,400,7.095,
8.13,5,0.5,2006,600,6.572,
8.13,5,0.5,2006,800,7.035,
8.13,5,0.5,2006,1000,7.252,
8.13,5,0.5,2006,1200,7.433,
8.13,5,0.5,2006,1400,7.358,
8.13,5,0.5,2007,200,9.112,
8.13,5,0.5,2007,400,8.181,
8.13,5,0.5,2007,600,7.586,
8.13,5,0.5,2007,800,8.103,
8.13,5,0.5,2007,1000,8.348,
8.13,5,0.5,2007,1200,8.56,
8.13,5,0.5,2007,1400,8.467,
8.13,5,0.5,2008,200,10.461,
8.13,5,0.5,2008,400,9.386,
8.13,5,0.5,2008,600,8.628,
8.13,5,0.5,2008,800,9.186,
8.13,5,0.5,2008,1000,9.456,
8.13,5,0.5,2008,1200,9.699,
8.13,5,0.5,2008,1400,9.587,
8.13,5,0.5,2009,200,11.981,
8.13,5,0.5,2009,400,10.704,
8.13,5,0.5,2009,600,9.696,
8.13,5,0.5,2009,800,10.283,
8.13,5,0.5,2009,1000,10.575,
8.13,5,0.5,2009,1200,10.848,
8.13,5,0.5,2009,1400,10.717,
8.13,5,0.5,2010,200,13.169,
8.13,5,0.5,2010,400,11.847,
8.13,5,0.5,2010,600,10.773,
8.13,5,0.5,2010,800,11.391,
8.13,5,0.5,2010,1000,11.703,
8.13,5,0.5,2010,1200,12.008,
8.13,5,0.5,2010,1400,11.855,
8.13,5,0.5,2011,200,14.091,
8.13,5,0.5,2011,400,12.784,
8.13,5,0.5,2011,600,11.804,
8.13,5,0.5,2011,800,12.493,
8.13,5,0.5,2011,1000,12.835,
8.13,5,0.5,2011,1200,13.18,
8.13,5,0.5,2011,1400,13.001,
8.13,5,0.5,2012,200,15.163,
8.13,5,0.5,2012,400,13.71,
8.13,5,0.5,2012,600,12.715,
8.13,5,0.5,2012,800,13.541,
8.13,5,0.5,2012,1000,13.949,
8.13,5,0.5,2012,1200,14.361,
8.13,5,0.5,2012,1400,14.148,
8.13,5,0.5,2013,200,15.957,
8.13,5,0.5,2013,400,14.466,
8.13,5,0.5,2013,600,13.605,
8.13,5,0.5,2013,800,14.587,
8.13,5,0.5,2013,1000,15.068,
8.13,5,0.5,2013,1200,15.553,
8.13,5,0.5,2013,1400,15.301,
8.13,5,0.5,2014,200,16.62,
8.13,5,0.5,2014,400,15.135,
8.13,5,0.5,2014,600,14.476,
8.13,5,0.5,2014,800,15.634,
8.13,5,0.5,2014,1000,16.193,
8.13,5,0.5,2014,1200,16.757,
8.13,5,0.5,2014,1400,16.462,
8.13,5,0.5,2015,200,17.27,
8.13,5,0.5,2015,400,15.814,
8.13,5,0.5,2015,600,15.365,
8.13,5,0.5,2015,800,16.692,
8.13,5,0.5,2015,1000,17.328,
8.13,5,0.5,2015,1200,17.972,
8.13,5,0.5,2015,1400,17.631,
8.13,5,0.5,2016,200,17.911,
8.13,5,0.5,2016,400,16.501,
8.13,5,0.5,2016,600,16.271,
8.13,5,0.5,2016,800,17.764,
8.13,5,0.5,2016,1000,18.472,
8.13,5,0.5,2016,1200,19.197,
8.13,5,0.5,2016,1400,18.809,
8.13,5,0.5,2017,200,18.546,
8.13,5,0.5,2017,400,17.199,
8.13,5,0.5,2017,600,17.194,
8.13,5,0.5,2017,800,18.848,
8.13,5,0.5,2017,1000,19.627,
8.13,5,0.5,2017,1200,20.433,
8.13,5,0.5,2017,1400,19.996,
8.13,5,0.5,2018,200,19.392,
8.13,5,0.5,2018,400,18.032,
8.13,5,0.5,2018,600,18.145,
8.13,5,0.5,2018,800,19.946,
8.13,5,0.5,2018,1000,20.792,
8.13,5,0.5,2018,1200,21.68,
8.13,5,0.5,2018,1400,21.192,
8.13,5,0.5,2019,200,20.43,
8.13,5,0.5,2019,400,18.99,
8.13,5,0.5,2019,600,19.124,
8.13,5,0.5,2019,800,21.059,
8.13,5,0.5,2019,1000,21.97,
8.13,5,0.5,2019,1200,22.939,
8.13,5,0.5,2019,1400,22.399,
8.13,5,0.5,2020,200,21.648,
8.13,5,0.5,2020,400,20.066,
8.13,5,0.5,2020,600,20.13,
8.13,5,0.5,2020,800,22.185,
8.13,5,0.5,2020,1000,23.158,
8.13,5,0.5,2020,1200,24.208,
8.13,5,0.5,2020,1400,23.616,
8.13,5,0.5,2021,200,22.619,
8.13,5,0.5,2021,400,21.019,
8.13,5,0.5,2021,600,21.149,
8.13,5,0.5,2021,800,23.324,
8.13,5,0.5,2021,1000,24.357,
8.13,5,0.5,2021,1200,25.488,
8.13,5,0.5,2021,1400,24.841,
8.13,5,0.5,2022,200,23.391,
8.13,5,0.5,2022,400,21.819,
8.13,5,0.5,2022,600,22.135,
8.13,5,0.5,2022,800,24.459,
8.13,5,0.5,2022,1000,25.559,
8.13,5,0.5,2022,1200,26.779,
8.13,5,0.5,2022,1400,26.073,
8.13,5,0.5,2023,200,24.329,
8.13,5,0.5,2023,400,22.644,
8.13,5,0.5,2023,600,23.027,
8.13,5,0.5,2023,800,25.544,
8.13,5,0.5,2023,1000,26.745,
8.13,5,0.5,2023,1200,28.08,
8.13,5,0.5,2023,1400,27.307,
8.13,5,0.5,2024,200,25.049,
8.13,5,0.5,2024,400,23.335,
8.13,5,0.5,2024,600,23.902,
8.13,5,0.5,2024,800,26.629,
8.13,5,0.5,2024,1000,27.936,
8.13,5,0.5,2024,1200,29.392,
8.13,5,0.5,2024,1400,28.547,
8.13,5,0.5,2025,200,25.665,
8.13,5,0.5,2025,400,23.958,
8.13,5,0.5,2025,600,24.763,
8.13,5,0.5,2025,800,27.715,
8.13,5,0.5,2025,1000,29.132,
8.13,5,0.5,2025,1200,30.715,
8.13,5,0.5,2025,1400,29.794,
8.14,6,0.5,2000,200,1.0,
8.14,6,0.5,2000,400,1.0,
8.14,6,0.5,2000,600,1.0,
8.14,6,0.5,2000,800,1.0,
8.14,6,0.5,2000,1000,1.0,
8.14,6,0.5,2000,1200,1.0,
8.14,6,0.5,2000,1400,1.0,
8.14,6,0.5,2001,200,2.34,
8.14,6,0.5,2001,400,2.105,
8.14,6,0.5,2001,600,1.904,
8.14,6,0.5,2001,800,1.963,
8.14,6,0.5,2001,1000,1.996,
8.14,6,0.5,2001,1200,2.019,
8.14,6,0.5,2001,1400,2.014,
8.14,6,0.5,2002,200,3.439,
8.14,6,0.5,2002,400,3.076,
8.14,6,0.5,2002,600,2.81,
8.14,6,0.5,2002,800,2.941,
8.14,6,0.5,2002,1000,3.01,
8.14,6,0.5,2002,1200,3.06,
8.14,6,0.5,2002,1400,3.046,
8.14,6,0.5,2003,200,4.426,
8.14,6,0.5,2003,400,3.984,
8.14,6,0.5,2003,600,3.719,
8.14,6,0.5,2003,800,3.933,
8.14,6,0.5,2003,1000,4.042,
8.14,6,0.5,2003,1200,4.123,
8.14,6,0.5,2003,1400,4.097,
8.14,6,0.5,2004,200,5.494,
8.14,6,0.5,2004,400,4.969,
8.14,6,0.5,2004,600,4.668,
8.14,6,0.5,2004,800,4.952,
8.14,6,0.5,2004,1000,5.096,
8.14,6,0.5,2004,1200,5.206,
8.14,6,0.5,2004,1400,5.168,
8.14,6,0.5,2005,200,6.627,
8.14,6,0.5,2005,400,6.017,
8.14,6,0.5,2005,600,5.657,
8.14,6,0.5,2005,800,5.999,
8.14,6,0.5,2005,1000,6.172,
8.14,6,0.5,2005,1200,6.31,
8.14,6,0.5,2005,1400,6.259,
8.14,6,0.5,2006,200,7.583,
8.14,6,0.5,2006,400,6.978,
8.14,6,0.5,2006,600,6.659,
8.14,6,0.5,2006,800,7.058,
8.14,6,0.5,2006,1000,7.259,
8.14,6,0.5,2006,1200,7.425,
8.14,6,0.5,2006,1400,7.359,
8.14,6,0.5,2007,200,8.729,
8.14,6,0.5,2007,400,8.06,
8.14,6,0.5,2007,600,7.686,
8.14,6,0.5,2007,800,8.131,
8.14,6,0.5,2007,1000,8.357,
8.14,6,0.5,2007,1200,8.551,
8.14,6,0.5,2007,1400,8.469,
8.14,6,0.5,2008,200,10.051,
8.14,6,0.5,2008,400,9.256,
8.14,6,0.5,2008,600,8.74,
8.14,6,0.5,2008,800,9.219,
8.14,6,0.5,2008,1000,9.466,
8.14,6,0.5,2008,1200,9.688,
8.14,6,0.5,2008,1400,9.59,
8.14,6,0.5,2009,200,11.537,
8.14,6,0.5,2009,400,10.559,
8.14,6,0.5,2009,600,9.82,
8.14,6,0.5,2009,800,10.32,
8.14,6,0.5,2009,1000,10.586,
8.14,6,0.5,2009,1200,10.835,
8.14,6,0.5,2009,1400,10.721,
8.14,6,0.5,2010,200,12.734,
8.14,6,0.5,2010,400,11.71,
8.14,6,0.5,2010,600,10.908,
8.14,6,0.5,2010,800,11.433,
8.14,6,0.5,2010,1000,11.717,
8.14,6,0.5,2010,1200,11.994,
8.14,6,0.5,2010,1400,11.861,
8.14,6,0.5,2011,200,13.667,
8.14,6,0.5,2011,400,12.667,
8.14,6,0.5,2011,600,11.954,
8.14,6,0.5,2011,800,12.541,
8.14,6,0.5,2011,1000,12.852,
8.14,6,0.5,2011,1200,13.163,
8.14,6,0.5,2011,1400,13.007,
8.14,6,0.5,2012,200,14.696,
8.14,6,0.5,2012,400,13.592,
8.14,6,0.5,2012,600,12.89,
8.14,6,0.5,2012,800,13.597,
8.14,6,0.5,2012,1000,13.969,
8.14,6,0.5,2012,1200,14.341,
8.14,6,0.5,2012,1400,14.156,
8.14,6,0.5,2013,200,15.441,
8.14,6,0.5,2013,400,14.348,
8.14,6,0.5,2013,600,13.808,
8.14,6,0.5,2013,800,14.653,
8.14,6,0.5,2013,1000,15.092,
8.14,6,0.5,2013,1200,15.531,
8.14,6,0.5,2013,1400,15.311,
8.14,6,0.5,2014,200,16.051,
8.14,6,0.5,2014,400,15.019,
8.14,6,0.5,2014,600,14.711,
8.14,6,0.5,2014,800,15.709,
8.14,6,0.5,2014,1000,16.221,
8.14,6,0.5,2014,1200,16.731,
8.14,6,0.5,2014,1400,16.473,
8.14,6,0.5,2015,200,16.659,
8.14,6,0.5,2015,400,15.704,
8.14,6,0.5,2015,600,15.632,
8.14,6,0.5,2015,800,16.779,
8.14,6,0.5,2015,1000,17.36,
8.14,6,0.5,2015,1200,17.942,
8.14,6,0.5,2015,1400,17.645,
8.14,6,0.5,2016,200,17.274,
8.14,6,0.5,2016,400,16.406,
8.14,6,0.5,2016,600,16.569,
8.14,6,0.5,2016,800,17.861,
8.14,6,0.5,2016,1000,18.509,
8.14,6,0.5,2016,1200,19.164,
8.14,6,0.5,2016,1400,18.825,
8.14,6,0.5,2017,200,17.9,
8.14,6,0.5,2017,400,17.125,
8.14,6,0.5,2017,600,17.524,
8.14,6,0.5,2017,800,18.956,
8.14,6,0.5,2017,1000,19.669,
8.14,6,0.5,2017,1200,20.396,
8.14,6,0.5,2017,1400,20.014,
8.14,6,0.5,2018,200,18.726,
8.14,6,0.5,2018,400,17.971,
8.14,6,0.5,2018,600,18.506,
8.14,6,0.5,2018,800,20.066,
8.14,6,0.5,2018,1000,20.84,
8.14,6,0.5,2018,1200,21.64,
8.14,6,0.5,2018,1400,21.213,
8.14,6,0.5,2019,200,19.735,
8.14,6,0.5,2019,400,18.935,
8.14,6,0.5,2019,600,19.514,
8.14,6,0.5,2019,800,21.19,
8.14,6,0.5,2019,1000,22.022,
8.14,6,0.5,2019,1200,22.894,
8.14,6,0.5,2019,1400,22.423,
8.14,6,0.5,2020,200,20.914,
8.14,6,0.5,2020,400,20.009,
8.14,6,0.5,2020,600,20.548,
8.14,6,0.5,2020,800,22.328,
8.14,6,0.5,2020,1000,23.216,
8.14,6,0.5,2020,1200,24.159,
8.14,6,0.5,2020,1400,23.642,
8.14,6,0.5,2021,200,21.872,
8.14,6,0.5,2021,400,20.973,
8.14,6,0.5,2021,600,21.595,
8.14,6,0.5,2021,800,23.478,
8.14,6,0.5,2021,1000,24.42,
8.14,6,0.5,2021,1200,25.435,
8.14,6,0.5,2021,1400,24.871,
8.14,6,0.5,2022,200,22.637,
8.14,6,0.5,2022,400,21.795,
8.14,6,0.5,2022,600,22.612,
8.14,6,0.5,2022,800,24.625,
8.14,6,0.5,2022,1000,25.629,
8.14,6,0.5,2022,1200,26.722,
8.14,6,0.5,2022,1400,26.106,
8.14,6,0.5,2023,200,23.529,
8.14,6,0.5,2023,400,22.623,
8.14,6,0.5,2023,600,23.54,
8.14,6,0.5,2023,800,25.726,
8.14,6,0.5,2023,1000,26.821,
8.14,6,0.5,2023,1200,28.017,
8.14,6,0.5,2023,1400,27.343,
8.14,6,0.5,2024,200,24.197,
8.14,6,0.5,2024,400,23.319,
8.14,6,0.5,2024,600,24.455,
8.14,6,0.5,2024,800,26.827,
8.14,6,0.5,2024,1000,28.02,
8.14,6,0.5,2024,1200,29.324,
8.14,6,0.5,2024,1400,28.587,
8.14,6,0.5,2025,200,24.756,
8.14,6,0.5,2025,400,23.946,
8.14,6,0.5,2025,600,25.358,
8.14,6,0.5,2025,800,27.93,
8.14,6,0.5,2025,1000,29.224,
8.14,6,0.5,2025,1200,30.641,
8.14,6,0.5,2025,1400,29.838,
8.15,7,0.5,2000,200,1.0,
8.15,7,0.5,2000,400,1.0,
8.15,7,0.5,2000,600,1.0,
8.15,7,0.5,2000,800,1.0,
8.15,7,0.5,2000,1000,1.0,
8.15,7,0.5,2000,1200,1.0,
8.15,7,0.5,2000,1400,1.0,
8.15,7,0.5,2001,200,2.197,
8.15,7,0.5,2001,400,2.044,
8.15,7,0.5,2001,600,1.922,
8.15,7,0.5,2001,800,1.967,
8.15,7,0.5,2001,1000,1.997,
8.15,7,0.5,2001,1200,2.018,
8.15,7,0.5,2001,1400,2.014,
8.15,7,0.5,2002,200,3.183,
8.15,7,0.5,2002,400,2.972,
8.15,7,0.5,2002,600,2.848,
8.15,7,0.5,2002,800,2.949,
8.15,7,0.5,2002,1000,3.012,
8.15,7,0.5,2002,1200,3.056,
8.15,7,0.5,2002,1400,3.046,
8.15,7,0.5,2003,200,4.07,
8.15,7,0.5,2003,400,3.846,
8.15,7,0.5,2003,600,3.778,
8.15,7,0.5,2003,800,3.946,
8.15,7,0.5,2003,1000,4.045,
8.15,7,0.5,2003,1200,4.115,
8.15,7,0.5,2003,1400,4.096,
8.15,7,0.5,2004,200,5.044,
8.15,7,0.5,2004,400,4.794,
8.15,7,0.5,2004,600,4.745,
8.15,7,0.5,2004,800,4.97,
8.15,7,0.5,2004,1000,5.1,
8.15,7,0.5,2004,1200,5.194,
8.15,7,0.5,2004,1400,5.166,
8.15,7,0.5,2005,200,6.1,
8.15,7,0.5,2005,400,5.812,
8.15,7,0.5,2005,600,5.749,
8.15,7,0.5,2005,800,6.021,
8.15,7,0.5,2005,1000,6.177,
8.15,7,0.5,2005,1200,6.294,
8.15,7,0.5,2005,1400,6.256,
8.15,7,0.5,2006,200,7.026,
8.15,7,0.5,2006,400,6.766,
8.15,7,0.5,2006,600,6.766,
8.15,7,0.5,2006,800,7.084,
8.15,7,0.5,2006,1000,7.263,
8.15,7,0.5,2006,1200,7.403,
8.15,7,0.5,2006,1400,7.356,
8.15,7,0.5,2007,200,8.124,
8.15,7,0.5,2007,400,7.829,
8.15,7,0.5,2007,600,7.806,
8.15,7,0.5,2007,800,8.161,
8.15,7,0.5,2007,1000,8.361,
8.15,7,0.5,2007,1200,8.523,
8.15,7,0.5,2007,1400,8.465,
8.15,7,0.5,2008,200,9.379,
8.15,7,0.5,2008,400,8.993,
8.15,7,0.5,2008,600,8.87,
8.15,7,0.5,2008,800,9.252,
8.15,7,0.5,2008,1000,9.47,
8.15,7,0.5,2008,1200,9.654,
8.15,7,0.5,2008,1400,9.584,
8.15,7,0.5,2009,200,10.783,
8.15,7,0.5,2009,400,10.253,
8.15,7,0.5,2009,600,9.957,
8.15,7,0.5,2009,800,10.356,
8.15,7,0.5,2009,1000,10.59,
8.15,7,0.5,2009,1200,10.794,
8.15,7,0.5,2009,1400,10.713,
8.15,7,0.5,2010,200,11.961,
8.15,7,0.5,2010,400,11.394,
8.15,7,0.5,2010,600,11.053,
8.15,7,0.5,2010,800,11.472,
8.15,7,0.5,2010,1000,11.719,
8.15,7,0.5,2010,1200,11.945,
8.15,7,0.5,2010,1400,11.851,
8.15,7,0.5,2011,200,12.889,
8.15,7,0.5,2011,400,12.359,
8.15,7,0.5,2011,600,12.115,
8.15,7,0.5,2011,800,12.583,
8.15,7,0.5,2011,1000,12.854,
8.15,7,0.5,2011,1200,13.106,
8.15,7,0.5,2011,1400,12.995,
8.15,7,0.5,2012,200,13.81,
8.15,7,0.5,2012,400,13.25,
8.15,7,0.5,2012,600,13.084,
8.15,7,0.5,2012,800,13.647,
8.15,7,0.5,2012,1000,13.972,
8.15,7,0.5,2012,1200,14.274,
8.15,7,0.5,2012,1400,14.142,
8.15,7,0.5,2013,200,14.477,
8.15,7,0.5,2013,400,13.992,
8.15,7,0.5,2013,600,14.038,
8.15,7,0.5,2013,800,14.711,
8.15,7,0.5,2013,1000,15.096,
8.15,7,0.5,2013,1200,15.452,
8.15,7,0.5,2013,1400,15.295,
8.15,7,0.5,2014,200,15.02,
8.15,7,0.5,2014,400,14.656,
8.15,7,0.5,2014,600,14.979,
8.15,7,0.5,2014,800,15.777,
8.15,7,0.5,2014,1000,16.227,
8.15,7,0.5,2014,1200,16.641,
8.15,7,0.5,2014,1400,16.456,
8.15,7,0.5,2015,200,15.573,
8.15,7,0.5,2015,400,15.339,
8.15,7,0.5,2015,600,15.937,
8.15,7,0.5,2015,800,16.856,
8.15,7,0.5,2015,1000,17.367,
8.15,7,0.5,2015,1200,17.84,
8.15,7,0.5,2015,1400,17.625,
8.15,7,0.5,2016,200,16.148,
8.15,7,0.5,2016,400,16.045,
8.15,7,0.5,2016,600,16.911,
8.15,7,0.5,2016,800,17.948,
8.15,7,0.5,2016,1000,18.518,
8.15,7,0.5,2016,1200,19.049,
8.15,7,0.5,2016,1400,18.803,
8.15,7,0.5,2017,200,16.748,
8.15,7,0.5,2017,400,16.774,
8.15,7,0.5,2017,600,17.901,
8.15,7,0.5,2017,800,19.051,
8.15,7,0.5,2017,1000,19.679,
8.15,7,0.5,2017,1200,20.267,
8.15,7,0.5,2017,1400,19.989,
8.15,7,0.5,2018,200,17.526,
8.15,7,0.5,2018,400,17.615,
8.15,7,0.5,2018,600,18.915,
8.15,7,0.5,2018,800,20.169,
8.15,7,0.5,2018,1000,20.851,
8.15,7,0.5,2018,1200,21.497,
8.15,7,0.5,2018,1400,21.186,
8.15,7,0.5,2019,200,18.467,
8.15,7,0.5,2019,400,18.56,
8.15,7,0.5,2019,600,19.953,
8.15,7,0.5,2019,800,21.301,
8.15,7,0.5,2019,1000,22.034,
8.15,7,0.5,2019,1200,22.736,
8.15,7,0.5,2019,1400,22.393,
8.15,7,0.5,2020,200,19.561,
8.15,7,0.5,2020,400,19.604,
8.15,7,0.5,2020,600,21.015,
8.15,7,0.5,2020,800,22.447,
8.15,7,0.5,2020,1000,23.228,
8.15,7,0.5,2020,1200,23.986,
8.15,7,0.5,2020,1400,23.609,
8.15,7,0.5,2021,200,20.481,
8.15,7,0.5,2021,400,20.56,
8.15,7,0.5,2021,600,22.089,
8.15,7,0.5,2021,800,23.605,
8.15,7,0.5,2021,1000,24.432,
8.15,7,0.5,2021,1200,25.246,
8.15,7,0.5,2021,1400,24.835,
8.15,7,0.5,2022,200,21.221,
8.15,7,0.5,2022,400,21.39,
8.15,7,0.5,2022,600,23.139,
8.15,7,0.5,2022,800,24.76,
8.15,7,0.5,2022,1000,25.642,
8.15,7,0.5,2022,1200,26.516,
8.15,7,0.5,2022,1400,26.067,
8.15,7,0.5,2023,200,22.009,
8.15,7,0.5,2023,400,22.191,
8.15,7,0.5,2023,600,24.113,
8.15,7,0.5,2023,800,25.873,
8.15,7,0.5,2023,1000,26.836,
8.15,7,0.5,2023,1200,27.793,
8.15,7,0.5,2023,1400,27.301,
8.15,7,0.5,2024,200,22.6,
8.15,7,0.5,2024,400,22.875,
8.15,7,0.5,2024,600,25.076,
8.15,7,0.5,2024,800,26.987,
8.15,7,0.5,2024,1000,28.036,
8.15,7,0.5,2024,1200,29.08,
8.15,7,0.5,2024,1400,28.541,
8.15,7,0.5,2025,200,23.091,
8.15,7,0.5,2025,400,23.498,
8.15,7,0.5,2025,600,26.029,
8.15,7,0.5,2025,800,28.104,
8.15,7,0.5,2025,1000,29.243,
8.15,7,0.5,2025,1200,30.377,
8.15,7,0.5,2025,1400,29.789,
8.16,8,0.5,2000,200,1.0,
8.16,8,0.5,2000,400,1.0,
8.16,8,0.5,2000,600,1.0,
8.16,8,0.5,2000,800,1.0,
8.16,8,0.5,2000,1000,1.0,
8.16,8,0.5,2000,1200,1.0,
8.16,8,0.5,2000,1400,1.0,
8.16,8,0.5,2001,200,2.716,
8.16,8,0.5,2001,400,2.274,
8.16,8,0.5,2001,600,1.908,
8.16,8,0.5,2001,800,1.977,
8.16,8,0.5,2001,1000,2.004,
8.16,8,0.5,2001,1200,2.022,
8.16,8,0.5,2001,1400,2.018,
8.16,8,0.5,2002,200,3.952,
8.16,8,0.5,2002,400,3.287,
8.16,8,0.5,2002,600,2.815,
8.16,8,0.5,2002,800,2.97,
8.16,8,0.5,2002,1000,3.027,
8.16,8,0.5,2002,1200,3.065,
8.16,8,0.5,2002,1400,3.055,
8.16,8,0.5,2003,200,5.03,
8.16,8,0.5,2003,400,4.216,
8.16,8,0.5,2003,600,3.724,
8.16,8,0.5,2003,800,3.978,
8.16,8,0.5,2003,1000,4.068,
8.16,8,0.5,2003,1200,4.129,
8.16,8,0.5,2003,1400,4.112,
8.16,8,0.5,2004,200,6.187,
8.16,8,0.5,2004,400,5.23,
8.16,8,0.5,2004,600,4.673,
8.16,8,0.5,2004,800,5.011,
8.16,8,0.5,2004,1000,5.13,
8.16,8,0.5,2004,1200,5.214,
8.16,8,0.5,2004,1400,5.19,
8.16,8,0.5,2005,200,7.409,
8.16,8,0.5,2005,400,6.318,
8.16,8,0.5,2005,600,5.661,
8.16,8,0.5,2005,800,6.069,
8.16,8,0.5,2005,1000,6.213,
8.16,8,0.5,2005,1200,6.32,
8.16,8,0.5,2005,1400,6.288,
8.16,8,0.5,2006,200,8.399,
8.16,8,0.5,2006,400,7.297,
8.16,8,0.5,2006,600,6.665,
8.16,8,0.5,2006,800,7.138,
8.16,8,0.5,2006,1000,7.306,
8.16,8,0.5,2006,1200,7.436,
8.16,8,0.5,2006,1400,7.397,
8.16,8,0.5,2007,200,9.635,
8.16,8,0.5,2007,400,8.431,
8.16,8,0.5,2007,600,7.692,
8.16,8,0.5,2007,800,8.22,
8.16,8,0.5,2007,1000,8.41,
8.16,8,0.5,2007,1200,8.562,
8.16,8,0.5,2007,1400,8.515,
8.16,8,0.5,2008,200,11.105,
8.16,8,0.5,2008,400,9.712,
8.16,8,0.5,2008,600,8.744,
8.16,8,0.5,2008,800,9.315,
8.16,8,0.5,2008,1000,9.524,
8.16,8,0.5,2008,1200,9.699,
8.16,8,0.5,2008,1400,9.644,
8.16,8,0.5,2009,200,12.798,
8.16,8,0.5,2009,400,11.136,
8.16,8,0.5,2009,600,9.82,
8.16,8,0.5,2009,800,10.422,
8.16,8,0.5,2009,1000,10.65,
8.16,8,0.5,2009,1200,10.847,
8.16,8,0.5,2009,1400,10.783,
8.16,8,0.5,2010,200,14.064,
8.16,8,0.5,2010,400,12.344,
8.16,8,0.5,2010,600,10.908,
8.16,8,0.5,2010,800,11.541,
8.16,8,0.5,2010,1000,11.784,
8.16,8,0.5,2010,1200,12.005,
8.16,8,0.5,2010,1400,11.932,
8.16,8,0.5,2011,200,15.048,
8.16,8,0.5,2011,400,13.32,
8.16,8,0.5,2011,600,11.953,
8.16,8,0.5,2011,800,12.66,
8.16,8,0.5,2011,1000,12.926,
8.16,8,0.5,2011,1200,13.174,
8.16,8,0.5,2011,1400,13.09,
8.16,8,0.5,2012,200,16.418,
8.16,8,0.5,2012,400,14.39,
8.16,8,0.5,2012,600,12.894,
8.16,8,0.5,2012,800,13.74,
8.16,8,0.5,2012,1000,14.058,
8.16,8,0.5,2012,1200,14.356,
8.16,8,0.5,2012,1400,14.254,
8.16,8,0.5,2013,200,17.252,
8.16,8,0.5,2013,400,15.156,
8.16,8,0.5,2013,600,13.814,
8.16,8,0.5,2013,800,14.823,
8.16,8,0.5,2013,1000,15.197,
8.16,8,0.5,2013,1200,15.55,
8.16,8,0.5,2013,1400,15.427,
8.16,8,0.5,2014,200,17.905,
8.16,8,0.5,2014,400,15.815,
8.16,8,0.5,2014,600,14.718,
8.16,8,0.5,2014,800,15.908,
8.16,8,0.5,2014,1000,16.342,
8.16,8,0.5,2014,1200,16.755,
8.16,8,0.5,2014,1400,16.609,
8.16,8,0.5,2015,200,18.552,
8.16,8,0.5,2015,400,16.49,
8.16,8,0.5,2015,600,15.64,
8.16,8,0.5,2015,800,17.004,
8.16,8,0.5,2015,1000,17.496,
8.16,8,0.5,2015,1200,17.971,
8.16,8,0.5,2015,1400,17.801,
8.16,8,0.5,2016,200,19.203,
8.16,8,0.5,2016,400,17.187,
8.16,8,0.5,2016,600,16.58,
8.16,8,0.5,2016,800,18.113,
8.16,8,0.5,2016,1000,18.661,
8.16,8,0.5,2016,1200,19.198,
8.16,8,0.5,2016,1400,19.002,
8.16,8,0.5,2017,200,19.861,
8.16,8,0.5,2017,400,17.904,
8.16,8,0.5,2017,600,17.538,
8.16,8,0.5,2017,800,19.232,
8.16,8,0.5,2017,1000,19.835,
8.16,8,0.5,2017,1200,20.435,
8.16,8,0.5,2017,1400,20.213,
8.16,8,0.5,2018,200,20.776,
8.16,8,0.5,2018,400,18.781,
8.16,8,0.5,2018,600,18.52,
8.16,8,0.5,2018,800,20.365,
8.16,8,0.5,2018,1000,21.02,
8.16,8,0.5,2018,1200,21.683,
8.16,8,0.5,2018,1400,21.434,
8.16,8,0.5,2019,200,21.931,
8.16,8,0.5,2019,400,19.811,
8.16,8,0.5,2019,600,19.526,
8.16,8,0.5,2019,800,21.51,
8.16,8,0.5,2019,1000,22.216,
8.16,8,0.5,2019,1200,22.942,
8.16,8,0.5,2019,1400,22.666,
8.16,8,0.5,2020,200,23.318,
8.16,8,0.5,2020,400,20.987,
8.16,8,0.5,2020,600,20.556,
8.16,8,0.5,2020,800,22.668,
8.16,8,0.5,2020,1000,23.423,
8.16,8,0.5,2020,1200,24.21,
8.16,8,0.5,2020,1400,23.908,
8.16,8,0.5,2021,200,24.365,
8.16,8,0.5,2021,400,21.998,
8.16,8,0.5,2021,600,21.601,
8.16,8,0.5,2021,800,23.838,
8.16,8,0.5,2021,1000,24.639,
8.16,8,0.5,2021,1200,25.49,
8.16,8,0.5,2021,1400,25.16,
8.16,8,0.5,2022,200,25.203,
8.16,8,0.5,2022,400,22.842,
8.16,8,0.5,2022,600,22.613,
8.16,8,0.5,2022,800,25.008,
8.16,8,0.5,2022,1000,25.861,
8.16,8,0.5,2022,1200,26.782,
8.16,8,0.5,2022,1400,26.42,
8.16,8,0.5,2023,200,26.414,
8.16,8,0.5,2023,400,23.805,
8.16,8,0.5,2023,600,23.544,
8.16,8,0.5,2023,800,26.141,
8.16,8,0.5,2023,1000,27.075,
8.16,8,0.5,2023,1200,28.086,
8.16,8,0.5,2023,1400,27.686,
8.16,8,0.5,2024,200,27.181,
8.16,8,0.5,2024,400,24.518,
8.16,8,0.5,2024,600,24.458,
8.16,8,0.5,2024,800,27.277,
8.16,8,0.5,2024,1000,28.294,
8.16,8,0.5,2024,1200,29.402,
8.16,8,0.5,2024,1400,28.961,
8.16,8,0.5,2025,200,27.801,
8.16,8,0.5,2025,400,25.145,
8.16,8,0.5,2025,600,25.358,
8.16,8,0.5,2025,800,28.414,
8.16,8,0.5,2025,1000,29.52,
8.16,8,0.5,2025,1200,30.731,
8.16,8,0.5,2025,1400,30.245,
