2024-05-25T00:00:00Z,4.196006774902344,0.1940067708492279,0.18700677156448364,0.17800676822662354,0.164006769657135,0.16000677645206451,-100000,4,-100000,0.164006769657135,0.12800677120685577,GOES-16,GOES-18
2024-05-25T00:05:00Z,3.551676034927368,0.2336760312318802,0.21367603540420532,0.20667603611946106,0.20467603206634521,0.2036760300397873,-100000,4,-100000,0.20467603206634521,0.1826760321855545,GOES-16,GOES-18
2024-05-25T00:10:00Z,4.022675514221191,0.24067531526088715,0.23367531597614288,0.1826753169298172,0.17467531561851501,0.17267531156539917,-100000,19.186508178710938,-100000,0.1736753135919571,0.16667531430721283,GOES-16,GOES-18
2024-05-25T00:15:00Z,3.268674612045288,0.20167456567287445,0.1946745663881302,0.17067456245422363,0.1686745584011078,0.15767456591129303,-100000,18.607458114624023,-100000,0.16267456114292145,0.15467455983161926,GOES-16,GOES-18
2024-05-25T00:20:00Z,2.8833422660827637,0.24734221398830414,0.22934222221374512,0.19934222102165222,0.19734221696853638,0.18234221637248993,-100000,4,-100000,0.1943422257900238,0.1773422211408615,GOES-16,GOES-18
2024-05-25T00:25:00Z,3.693007469177246,0.24300743639469147,0.23500743508338928,0.19000743329524994,0.18700744211673737,0.17200744152069092,-100000,32.49127197265625,-100000,0.1840074360370636,0.14800743758678436,GOES-16,GOES-18
2024-05-25T00:30:00Z,3.489673376083374,0.17367328703403473,0.15767328441143036,0.14767329394817352,0.1466732919216156,0.13567328453063965,-100000,50.87373733520508,-100000,0.14067329466342926,0.13067328929901123,GOES-16,GOES-18
2024-05-25T00:35:00Z,3.4976749420166016,0.2656749188899994,0.2586749196052551,0.21767491102218628,0.20667490363121033,0.2016749083995819,-100000,4,-100000,0.20467489957809448,0.1706749051809311,GOES-16,GOES-18
2024-05-25T00:40:00Z,3.998674154281616,0.18267425894737244,0.17567425966262817,0.16667425632476807,0.16467425227165222,0.16167426109313965,-100000,4,-100000,0.16467425227165222,0.1506742537021637,GOES-16,GOES-18
2024-05-25T00:45:00Z,2.151008129119873,0.23000802099704742,0.22300802171230316,0.1990080326795578,0.1770080327987671,0.1640080213546753,-100000,4,-100000,0.17200802266597748,0.1600080281496048,GOES-16,GOES-18
2024-05-25T00:50:00Z,3.428007125854492,0.22500723600387573,0.21600723266601562,0.17000722885131836,0.16600723564624786,0.15800723433494568,-100000,4,-100000,0.16500723361968994,0.14800722897052765,GOES-16,GOES-18
2024-05-25T00:55:00Z,2.609009265899658,0.22800928354263306,0.2210092842578888,0.2120092809200287,0.21000929176807404,0.19800928235054016,-100000,43.1346549987793,-100000,0.2080092877149582,0.19200928509235382,GOES-16,GOES-18
2024-05-25T01:00:00Z,2.5563416481018066,0.24534156918525696,0.22234156727790833,0.195341557264328,0.19334156811237335,0.17434155941009521,-100000,23.61516761779785,-100000,0.187341570854187,0.1693415641784668,GOES-16,GOES-18
2024-05-25T01:05:00Z,2.0786731243133545,0.47667306661605835,0.2796730697154999,0.15867307782173157,0.14767307043075562,0.14467307925224304,-100000,4,-100000,0.14567308127880096,0.134673073887825,GOES-16,GOES-18
2024-05-25T01:10:00Z,2.192673683166504,0.2076738029718399,0.20067380368709564,0.17867380380630493,0.17567379772663116,0.16667379438877106,-100000,76.55421447753906,-100000,0.17367379367351532,0.15467379987239838,GOES-16,GOES-18
2024-05-25T01:15:00Z,1.878006935119629,0.2100069224834442,0.16800692677497864,0.1580069214105606,0.15700691938400269,0.14700692892074585,-100000,4,-100000,0.15500693023204803,0.14400692284107208,GOES-16,GOES-18
2024-05-25T01:20:00Z,2.3720078468322754,0.35700780153274536,0.2650078237056732,0.1820078194141388,0.17000780999660492,0.16800780594348907,-100000,4,-100000,0.17000780999660492,0.16400781273841858,GOES-16,GOES-18
2024-05-25T01:25:00Z,1.825339436531067,0.2003394067287445,0.15933939814567566,0.1483394056558609,0.14633940160274506,0.14533939957618713,-100000,20.906352996826172,-100000,0.14633940160274506,0.13333940505981445,GOES-16,GOES-18
2024-05-25T01:30:00Z,1.7940071821212769,0.20200715959072113,0.19500716030597687,0.17300716042518616,0.1710071563720703,0.16900716722011566,-100000,34.742103576660156,-100000,0.1710071563720703,0.15200716257095337,GOES-16,GOES-18
2024-05-25T01:35:00Z,1.538674235343933,0.19467425346374512,0.18767425417900085,0.17867425084114075,0.16867424547672272,0.16567425429821014,-100000,4,-100000,0.16667424142360687,0.16267424821853638,GOES-16,GOES-18
2024-05-25T01:40:00Z,2.1123414039611816,0.29034146666526794,0.2153414785861969,0.18334147334098816,0.18234147131443024,0.18034148216247559,-100000,4,-100000,0.18134146928787231,0.17734147608280182,GOES-16,GOES-18
2024-05-25T01:45:00Z,1.7940078973770142,0.20400793850421906,0.1970079392194748,0.18800793588161469,0.18600793182849884,0.17500793933868408,-100000,40.373146057128906,-100000,0.18300794064998627,0.17200793325901031,GOES-16,GOES-18
2024-05-25T01:50:00Z,1.4503405094146729,0.20934054255485535,0.19234053790569305,0.18334053456783295,0.1723405420780182,0.17034053802490234,-100000,4,-100000,0.17134054005146027,0.15734054148197174,GOES-16,GOES-18
2024-05-25T01:55:00Z,1.8560060262680054,0.19200606644153595,0.17600607872009277,0.16700607538223267,0.15300607681274414,0.15200607478618622,-100000,4,-100000,0.15300607681274414,0.13600607216358185,GOES-16,GOES-18
2024-05-25T02:00:00Z,1.9506745338439941,0.2516745626926422,0.21467457711696625,0.1996745765209198,0.19167457520961761,0.18867456912994385,-100000,25.46824836730957,-100000,0.19167457520961761,0.17467457056045532,GOES-16,GOES-18
2024-05-25T02:05:00Z,1.691672444343567,0.30967244505882263,0.17367245256900787,0.15167245268821716,0.14967244863510132,0.1446724534034729,-100000,4,-100000,0.14967244863510132,0.13467244803905487,GOES-16,GOES-18
2024-05-25T02:10:00Z,1.622338891029358,0.27433884143829346,0.2073388397693634,0.1463388353586197,0.13733883202075958,0.13533884286880493,-100000,4,-100000,0.13633884489536285,0.1253388375043869,GOES-16,GOES-18
2024-05-25T02:15:00Z,2.221007823944092,0.2230079174041748,0.20200791954994202,0.1930079162120819,0.192007914185524,0.1880079209804535,-100000,4,-100000,0.19100792706012726,0.1800079196691513,GOES-16,GOES-18
2024-05-25T02:20:00Z,1.8003406524658203,0.2953406870365143,0.1933407038450241,0.17834070324897766,0.17734070122241974,0.1753406971693039,-100000,27.140628814697266,-100000,0.17634069919586182,0.16934069991111755,GOES-16,GOES-18
2024-05-25T02:25:00Z,2.331672430038452,0.1906723976135254,0.15767240524291992,0.1476723998785019,0.14667239785194397,0.14567241072654724,-100000,4,-100000,0.14667239785194397,0.1346724033355713,GOES-16,GOES-18
2024-05-25T02:30:00Z,2.1050076484680176,0.25700756907463074,0.23500756919384003,0.19400757551193237,0.18400757014751434,0.17600756883621216,-100000,4,-100000,0.18100757896900177,0.17200757563114166,GOES-16,GOES-18
2024-05-25T02:35:00Z,2.003673553466797,0.2716735303401947,0.23067352175712585,0.18267351388931274,0.1806735247373581,0.1726735234260559,-100000,4,-100000,0.17567351460456848,0.16267351806163788,GOES-16,GOES-18
2024-05-25T02:40:00Z,2.293339967727661,0.20334003865718842,0.1853400319814682,0.1763400286436081,0.1763400286436081,0.16534003615379333,-100000,4,-100000,0.17434003949165344,0.15734003484249115,GOES-16,GOES-18
2024-05-25T02:45:00Z,2.902674913406372,0.23767490684986115,0.21667489409446716,0.20767490565776825,0.2056749016046524,0.20367489755153656,-100000,4,-100000,0.2056749016046524,0.19067490100860596,GOES-16,GOES-18
2024-05-25T02:50:00Z,2.87200665473938,0.26800665259361267,0.19400666654109955,0.17700666189193726,0.1750066578388214,0.17100666463375092,-100000,37.034664154052734,-100000,0.1750066578388214,0.15600666403770447,GOES-16,GOES-18
2024-05-25T02:55:00Z,2.347672700881958,0.2216726541519165,0.17267264425754547,0.15967264771461487,0.15067264437675476,0.1476726531982422,-100000,4,-100000,0.1486726552248001,0.13867264986038208,GOES-16,GOES-18
2024-05-25T03:00:00Z,2.760340690612793,0.3103407621383667,0.22334076464176178,0.2063407599925995,0.19734075665473938,0.18434076011180878,-100000,4,-100000,0.19334076344966888,0.16934075951576233,GOES-16,GOES-18
2024-05-25T03:05:00Z,2.1910061836242676,0.28000614047050476,0.2130061388015747,0.1660061478614807,0.1650061458349228,0.15100614726543427,-100000,4,-100000,0.1570061445236206,0.1480061411857605,GOES-16,GOES-18
2024-05-25T03:10:00Z,3.3040056228637695,0.2550056278705597,0.2290056347846985,0.15000563859939575,0.1480056345462799,0.1430056393146515,-100000,4,-100000,0.14700563251972198,0.14000563323497772,GOES-16,GOES-18
2024-05-25T03:15:00Z,3.669339656829834,0.20733965933322906,0.18133965134620667,0.17133966088294983,0.16933965682983398,0.16833965480327606,-100000,4,-100000,0.16933965682983398,0.15333965420722961,GOES-16,GOES-18
2024-05-25T03:20:00Z,3.832671642303467,0.17967160046100616,0.15667159855365753,0.14767161011695862,0.1376716047525406,0.13467159867286682,-100000,4,-100000,0.13567160069942474,0.13067160546779633,GOES-16,GOES-18
2024-05-25T03:25:00Z,3.388672351837158,0.2876722514629364,0.18567226827144623,0.167672261595726,0.15667226910591125,0.1546722650527954,-100000,4,-100000,0.15567226707935333,0.14667226374149323,GOES-16,GOES-18
2024-05-25T03:30:00Z,3.405339479446411,0.2413395494222641,0.2243395447731018,0.2153395563364029,0.21333955228328705,0.17033955454826355,-100000,4,-100000,0.20633955299854279,0.16133955121040344,GOES-16,GOES-18
2024-05-25T03:35:00Z,3.44067120552063,0.22867117822170258,0.18867118656635284,0.17967118322849274,0.1396711766719818,0.1256711781024933,-100000,4,-100000,0.1306711733341217,0.12267117947340012,GOES-16,GOES-18
2024-05-25T03:40:00Z,4.053006172180176,0.23200617730617523,0.22300617396831512,0.19000616669654846,0.1880061775445938,0.17100617289543152,-100000,4,-100000,0.1830061674118042,0.16400617361068726,GOES-16,GOES-18
2024-05-25T03:45:00Z,3.8003389835357666,0.20033906400203705,0.19233906269073486,0.18333905935287476,0.1813390702009201,0.17733906209468842,-100000,4,-100000,0.18033906817436218,0.15733906626701355,GOES-16,GOES-18
2024-05-25T03:50:00Z,3.696672201156616,0.2536723017692566,0.19667229056358337,0.16467230021953583,0.1636722981929779,0.16167229413986206,-100000,4,-100000,0.16267229616641998,0.1466722935438156,GOES-16,GOES-18
2024-05-25T03:55:00Z,4.275671482086182,0.16467157006263733,0.15667158365249634,0.14567157626152039,0.14367157220840454,0.1416715830564499,-100000,4,-100000,0.14267157018184662,0.13867157697677612,GOES-16,GOES-18
2024-05-25T04:00:00Z,4.614672660827637,0.2896728515625,0.26067283749580383,0.2416728436946869,0.20167285203933716,0.18867285549640656,-100000,4,-100000,0.19367285072803497,0.17067284882068634,GOES-16,GOES-18
2024-05-25T04:05:00Z,3.9246723651885986,0.20367227494716644,0.1846722811460495,0.1756722778081894,0.1676722764968872,0.16567228734493256,-100000,4,-100000,0.16667227447032928,0.1546722799539566,GOES-16,GOES-18
2024-05-25T04:10:00Z,4.353004455566406,0.24400465190410614,0.17900465428829193,0.15000465512275696,0.15000465512275696,0.14200465381145477,-100000,4,-100000,0.14900465309619904,0.13200464844703674,GOES-16,GOES-18
2024-05-25T04:15:00Z,4.190671443939209,0.25167137384414673,0.1816713660955429,0.15267136693000793,0.1506713628768921,0.14167137444019318,-100000,56.527679443359375,-100000,0.14867137372493744,0.1386713683605194,GOES-16,GOES-18
2024-05-25T04:20:00Z,3.914672613143921,0.37067264318466187,0.29767265915870667,0.1826726496219635,0.17967265844345093,0.17467264831066132,-100000,11.540006637573242,-100000,0.178672656416893,0.17067265510559082,GOES-16,GOES-18
2024-05-25T04:25:00Z,4.627671718597412,0.2706717550754547,0.18667174875736237,0.15967175364494324,0.1576717495918274,0.15567174553871155,-100000,15.404788970947266,-100000,0.1576717495918274,0.14267174899578094,GOES-16,GOES-18
2024-05-25T04:30:00Z,5.272006034851074,0.2540060579776764,0.20100606977939606,0.17400605976581573,0.1730060577392578,0.17100606858730316,-100000,4,-100000,0.1720060557126999,0.1680060625076294,GOES-16,GOES-18
2024-05-25T04:35:00Z,4.143338203430176,0.21233801543712616,0.1963380128145218,0.1453380137681961,0.136338010430336,0.13433800637722015,-100000,4,-100000,0.13533800840377808,0.12933801114559174,GOES-16,GOES-18
2024-05-25T04:40:00Z,3.480672836303711,0.2726728320121765,0.23667281866073608,0.1946728229522705,0.18467283248901367,0.17467282712459564,-100000,15.562576293945312,-100000,0.17967282235622406,0.16667282581329346,GOES-16,GOES-18
2024-05-25T04:45:00Z,3.735006093978882,0.37900620698928833,0.2830061912536621,0.17000620067119598,0.16700619459152222,0.16400618851184845,-100000,4,-100000,0.1660061925649643,0.16000619530677795,GOES-16,GOES-18
2024-05-25T04:50:00Z,3.8220062255859375,0.2070063203573227,0.19100631773471832,0.18400631844997406,0.17400631308555603,0.17100632190704346,-100000,4,-100000,0.17200630903244019,0.1680063158273697,GOES-16,GOES-18
2024-05-25T04:55:00Z,3.6196727752685547,0.2566727101802826,0.1966726928949356,0.19067269563674927,0.16867269575595856,0.15667270123958588,-100000,20.485668182373047,-100000,0.1616726964712143,0.15467269718647003,GOES-16,GOES-18
2024-05-25T05:00:00Z,3.1896722316741943,0.2916721999645233,0.2226722091436386,0.170672208070755,0.16767221689224243,0.1656722128391266,-100000,5.281168460845947,-100000,0.16767221689224243,0.14267221093177795,GOES-16,GOES-18
2024-05-25T05:05:00Z,3.280339479446411,0.2883395254611969,0.2543395161628723,0.18333952128887177,0.1803395301103592,0.17733952403068542,-100000,4,-100000,0.17933952808380127,0.15733952820301056,GOES-16,GOES-18
2024-05-25T05:10:00Z,3.08500599861145,0.22600601613521576,0.18800602853298187,0.17900602519512177,0.15800602734088898,0.1540060192346573,-100000,4,-100000,0.15700602531433105,0.14800602197647095,GOES-16,GOES-18
2024-05-25T05:15:00Z,3.119006633758545,0.258006751537323,0.22200673818588257,0.18300674855709076,0.18200674653053284,0.180006742477417,-100000,25.23342514038086,-100000,0.18100674450397491,0.1720067411661148,GOES-16,GOES-18
2024-05-25T05:20:00Z,4.370672225952148,0.24067221581935883,0.18067221343517303,0.1706722229719162,0.1576722115278244,0.15567222237586975,-100000,4,-100000,0.15667222440242767,0.13867221772670746,GOES-16,GOES-18
2024-05-25T05:25:00Z,4.13533878326416,0.22433902323246002,0.16633902490139008,0.1593390256166458,0.15733902156352997,0.14733901619911194,-100000,4,-100000,0.15233902633190155,0.1413390189409256,GOES-16,GOES-18
2024-05-25T05:30:00Z,3.1156723499298096,0.25667238235473633,0.19667239487171173,0.1866723895072937,0.17667238414287567,0.16167239844799042,-100000,4,-100000,0.17167238891124725,0.15067239105701447,GOES-16,GOES-18
2024-05-25T05:35:00Z,3.5220062732696533,0.29600629210472107,0.2280062884092331,0.1760062873363495,0.17400629818439484,0.16700629889965057,-100000,4,-100000,0.17100629210472107,0.1640062928199768,GOES-16,GOES-18
2024-05-25T05:40:00Z,3.410339593887329,0.2673394978046417,0.20733951032161713,0.1763395071029663,0.17433950304985046,0.17033950984477997,-100000,53.531089782714844,-100000,0.17333950102329254,0.16133950650691986,GOES-16,GOES-18
2024-05-25T05:45:00Z,4.250006198883057,0.27600616216659546,0.20700617134571075,0.17600616812705994,0.17400617897510529,0.17200617492198944,-100000,4,-100000,0.17400617897510529,0.16400617361068726,GOES-16,GOES-18
2024-05-25T05:50:00Z,4.014338970184326,0.18733887374401093,0.1693388819694519,0.1603388786315918,0.15833887457847595,0.15433888137340546,-100000,6.508381366729736,-100000,0.15833887457847595,0.14533887803554535,GOES-16,GOES-18
2024-05-25T05:55:00Z,3.5530056953430176,0.20100566744804382,0.1870056688785553,0.1780056655406952,0.1700056791305542,0.16800567507743835,-100000,4,-100000,0.16900567710399628,0.15200567245483398,GOES-16,GOES-18
2024-05-25T06:00:00Z,4.284005641937256,0.20200568437576294,0.19400568306446075,0.16300567984580994,0.1610056757926941,0.15900568664073944,-100000,4,-100000,0.16000567376613617,0.15600568056106567,GOES-16,GOES-18
2024-05-25T06:05:00Z,4.025006294250488,0.27500611543655396,0.21000610291957855,0.18400610983371735,0.17400610446929932,0.17100611329078674,-100000,18.87803840637207,-100000,0.17200610041618347,0.1600061058998108,GOES-16,GOES-18
2024-05-25T06:10:00Z,4.198339462280273,0.1993393748998642,0.18333937227725983,0.17633937299251556,0.16633936762809753,0.16333937644958496,-100000,4,-100000,0.1653393656015396,0.16133937239646912,GOES-16,GOES-18
2024-05-25T06:15:00Z,4.361005783081055,0.2390059381723404,0.21900594234466553,0.16700594127178192,0.16400593519210815,0.1620059460401535,-100000,4,-100000,0.16300594806671143,0.15200594067573547,GOES-16,GOES-18
2024-05-25T06:20:00Z,5.147672176361084,0.19167211651802063,0.17567211389541626,0.14867211878299713,0.1466721147298813,0.14367210865020752,-100000,4,-100000,0.1466721147298813,0.1386721134185791,GOES-16,GOES-18
2024-05-25T06:25:00Z,4.356672286987305,0.1786724478006363,0.16367244720458984,0.15467244386672974,0.15367244184017181,0.14967244863510132,-100000,9.410672187805176,-100000,0.1526724398136139,0.14667244255542755,GOES-16,GOES-18
2024-05-25T06:30:00Z,4.51633882522583,0.19733896851539612,0.1883389800786972,0.1793389767408371,0.15933898091316223,0.14833897352218628,-100000,8.947338104248047,-100000,0.15533897280693054,0.14133897423744202,GOES-16,GOES-18
2024-05-25T06:35:00Z,3.989339828491211,0.1993398815393448,0.18533988296985626,0.17633987963199615,0.1743398755788803,0.17233988642692566,-100000,4,-100000,0.1733398735523224,0.1693398803472519,GOES-16,GOES-18
2024-05-25T06:40:00Z,3.824005365371704,0.19400541484355927,0.17700541019439697,0.15000541508197784,0.148005411028862,0.14700540900230408,-100000,13.791595458984375,-100000,0.148005411028862,0.14000540971755981,GOES-16,GOES-18
2024-05-25T06:45:00Z,4.832006454467773,0.20700667798519135,0.19900667667388916,0.18500667810440063,0.1830066740512848,0.18200667202472687,-100000,4,-100000,0.1830066740512848,0.16800667345523834,GOES-16,GOES-18
2024-05-25T06:50:00Z,4.787673473358154,0.23067347705364227,0.20767347514629364,0.1806734800338745,0.17867347598075867,0.17667347192764282,-100000,8.956448554992676,-100000,0.17867347598075867,0.17067347466945648,GOES-16,GOES-18
2024-05-25T06:55:00Z,4.791338920593262,0.17333875596523285,0.1663387566804886,0.15933875739574432,0.15033875405788422,0.14833875000476837,-100000,4,-100000,0.15033875405788422,0.1413387507200241,GOES-16,GOES-18
2024-05-25T07:00:00Z,4.651006698608398,0.2120068073272705,0.20400680601596832,0.17400680482387543,0.1730068027973175,0.17100681364536285,-100000,85.33307647705078,-100000,0.17200680077075958,0.1680068075656891,GOES-16,GOES-18
2024-05-25T07:05:00Z,4.015338897705078,0.20933875441551208,0.2013387531042099,0.14833876490592957,0.14433875679969788,0.14033876359462738,-100000,4,-100000,0.14333875477313995,0.1373387575149536,GOES-16,GOES-18
2024-05-25T07:10:00Z,5.0243401527404785,0.30734017491340637,0.27134019136428833,0.19334018230438232,0.18534018099308014,0.18134017288684845,-100000,32.87737274169922,-100000,0.18434017896652222,0.16934017837047577,GOES-16,GOES-18
2024-05-25T07:15:00Z,3.6423397064208984,0.18933981657028198,0.1813398152589798,0.1723398119211197,0.160339817404747,0.1563398241996765,-100000,103.03606414794922,-100000,0.1593398153781891,0.15333981812000275,GOES-16,GOES-18
2024-05-25T07:20:00Z,3.3946735858917236,0.2196735292673111,0.21267352998256683,0.20567353069782257,0.18167352676391602,0.17067351937294006,-100000,4,-100000,0.17767353355884552,0.16667352616786957,GOES-16,GOES-18
2024-05-25T07:25:00Z,3.3553402423858643,0.20034025609493256,0.1933402568101883,0.1813402622938156,0.17934025824069977,0.168340265750885,-100000,4,-100000,0.17734025418758392,0.16534025967121124,GOES-16,GOES-18
2024-05-25T07:30:00Z,3.1863393783569336,0.24433927237987518,0.2273392677307129,0.15533927083015442,0.15233926475048065,0.1503392606973648,-100000,4,-100000,0.15133926272392273,0.1453392654657364,GOES-16,GOES-18
2024-05-25T07:35:00Z,3.436673164367676,0.33967313170433044,0.30967316031455994,0.18567314743995667,0.18367314338684082,0.17767314612865448,-100000,56.42720031738281,-100000,0.1826731413602829,0.16267314553260803,GOES-16,GOES-18
2024-05-25T07:40:00Z,2.6950066089630127,0.19200657308101654,0.18400657176971436,0.17500656843185425,0.1730065643787384,0.1690065711736679,-100000,4,-100000,0.1730065643787384,0.1600065678358078,GOES-16,GOES-18
2024-05-25T07:45:00Z,3.2743399143218994,0.20533981919288635,0.19733983278274536,0.16633982956409454,0.16533982753753662,0.16333982348442078,-100000,4,-100000,0.16533982753753662,0.15733982622623444,GOES-16,GOES-18
2024-05-25T07:50:00Z,2.986006498336792,0.23200638592243195,0.1960063874721527,0.17100638151168823,0.1690063774585724,0.1650063842535019,-100000,4,-100000,0.16800637543201447,0.15600638091564178,GOES-16,GOES-18
2024-05-25T07:55:00Z,3.3550052642822266,0.17900525033473969,0.16500525176525116,0.15100523829460144,0.1490052491426468,0.13900524377822876,-100000,4,-100000,0.14400523900985718,0.1320052444934845,GOES-16,GOES-18
2024-05-25T08:00:00Z,3.2773404121398926,0.23734049499034882,0.2153404951095581,0.198340505361557,0.1803404986858368,0.1763405054807663,-100000,4,-100000,0.17934049665927887,0.17334049940109253,GOES-16,GOES-18
2024-05-25T08:05:00Z,3.364673137664795,0.2606732249259949,0.2436732053756714,0.17167320847511292,0.16867321729660034,0.1666732132434845,-100000,57.256866455078125,-100000,0.16767321527004242,0.1586732119321823,GOES-16,GOES-18
2024-05-25T08:10:00Z,2.9156734943389893,0.20067353546619415,0.19267353415489197,0.18367353081703186,0.18167352676391602,0.17967353761196136,-100000,4,-100000,0.18167352676391602,0.16267353296279907,GOES-16,GOES-18
2024-05-25T08:15:00Z,3.600008010864258,0.2390080690383911,0.23100806772708893,0.20500807464122772,0.20300807058811188,0.19900807738304138,-100000,8.6918306350708,-100000,0.20200806856155396,0.19600807130336761,GOES-16,GOES-18
2024-05-25T08:20:00Z,2.8880064487457275,0.20800639688968658,0.2000064104795456,0.17300640046596527,0.17200639843940735,0.1700064092874527,-100000,55.62800216674805,-100000,0.17100641131401062,0.16000640392303467,GOES-16,GOES-18
2024-05-25T08:25:00Z,2.469005823135376,0.21000590920448303,0.17300592362880707,0.16400592029094696,0.15000592172145844,0.14700591564178467,-100000,15.623245239257812,-100000,0.1490059196949005,0.1400059163570404,GOES-16,GOES-18
2024-05-25T08:30:00Z,2.862672805786133,0.183672696352005,0.17567269504070282,0.1616726964712143,0.15967269241809845,0.15667268633842468,-100000,51.73594284057617,-100000,0.15867269039154053,0.15067268908023834,GOES-16,GOES-18
2024-05-25T08:35:00Z,3.5223400592803955,0.20634013414382935,0.19934013485908508,0.19034014642238617,0.18834014236927032,0.1783401370048523,-100000,58.55073928833008,-100000,0.18634013831615448,0.1653401404619217,GOES-16,GOES-18
2024-05-25T08:40:00Z,3.281005859375,0.1780058741569519,0.17000587284564972,0.1560058742761612,0.15400587022304535,0.1520058661699295,-100000,4,-100000,0.15400587022304535,0.14000587165355682,GOES-16,GOES-18
2024-05-25T08:45:00Z,2.7540059089660645,0.1820058375597,0.17400583624839783,0.16500583291053772,0.1510058343410492,0.15000583231449127,-100000,4,-100000,0.1510058343410492,0.14400583505630493,GOES-16,GOES-18
2024-05-25T08:50:00Z,2.9490063190460205,0.23600628972053528,0.20100629329681396,0.1810062974691391,0.17300629615783691,0.17100629210472107,-100000,38.76103210449219,-100000,0.172006294131279,0.15600629150867462,GOES-16,GOES-18
2024-05-25T08:55:00Z,2.9353396892547607,0.22233958542346954,0.20533958077430725,0.16333958506584167,0.16233958303928375,0.1603395938873291,-100000,22.540014266967773,-100000,0.16133958101272583,0.15733958780765533,GOES-16,GOES-18
2024-05-25T09:00:00Z,2.721006393432617,0.18400651216506958,0.1760065108537674,0.1670065075159073,0.16600650548934937,0.16400650143623352,-100000,16.915372848510742,-100000,0.16500650346279144,0.16000650823116302,GOES-16,GOES-18
2024-05-25T09:05:00Z,2.250340461730957,0.20834051072597504,0.20034050941467285,0.18634051084518433,0.18434052169322968,0.18034051358699799,-100000,61.68220901489258,-100000,0.18334051966667175,0.17334051430225372,GOES-16,GOES-18
2024-05-25T09:10:00Z,2.157339572906494,0.1863396167755127,0.1783396154642105,0.1693396121263504,0.16833961009979248,0.1653396040201187,-100000,4,-100000,0.16733960807323456,0.15333960950374603,GOES-16,GOES-18
2024-05-25T09:15:00Z,2.0316739082336426,0.20767401158809662,0.19967401027679443,0.19067400693893433,0.1896740049123764,0.1856740117073059,-100000,4,-100000,0.18867400288581848,0.18267400562763214,GOES-16,GOES-18
2024-05-25T09:20:00Z,2.2616734504699707,0.24467340111732483,0.22267340123653412,0.20667341351509094,0.2046734094619751,0.20267340540885925,-100000,4,-100000,0.20367340743541718,0.16667340695858002,GOES-16,GOES-18
2024-05-25T09:25:00Z,2.3893399238586426,0.2063399851322174,0.19933998584747314,0.19233998656272888,0.19133998453617096,0.18933998048305511,-100000,4,-100000,0.19033998250961304,0.16133998334407806,GOES-16,GOES-18
2024-05-25T09:30:00Z,1.989672303199768,0.1596723347902298,0.15367232263088226,0.146672323346138,0.14467233419418335,0.14167232811450958,-100000,4,-100000,0.14367233216762543,0.13467232882976532,GOES-16,GOES-18
2024-05-25T09:35:00Z,2.284005880355835,0.17200593650341034,0.16500593721866608,0.15800593793392181,0.1570059359073639,0.15500593185424805,-100000,4,-100000,0.15600593388080597,0.1400059312582016,GOES-16,GOES-18
2024-05-25T09:40:00Z,1.8476725816726685,0.23067252337932587,0.22267252206802368,0.1886725276708603,0.16467252373695374,0.16067253053188324,-100000,4,-100000,0.1636725217103958,0.14267252385616302,GOES-16,GOES-18
2024-05-25T09:45:00Z,2.2426743507385254,0.2376742660999298,0.22967426478862762,0.19967426359653473,0.1986742615699768,0.19167426228523254,-100000,18.201269149780273,-100000,0.1986742615699768,0.17867426574230194,GOES-16,GOES-18
2024-05-25T09:50:00Z,1.8853410482406616,0.23234109580516815,0.21834109723567963,0.20734108984470367,0.19634109735488892,0.19334109127521515,-100000,67.17015838623047,-100000,0.195341095328331,0.18534108996391296,GOES-16,GOES-18
2024-05-25T09:55:00Z,2.1826727390289307,0.21267279982566833,0.19667279720306396,0.16967278718948364,0.167672798037529,0.1636727899312973,-100000,4,-100000,0.16667279601097107,0.1506727933883667,GOES-16,GOES-18
2024-05-25T10:00:00Z,1.781005620956421,0.1650056540966034,0.1570056527853012,0.1480056494474411,0.14600564539432526,0.14500564336776733,-100000,11.48028564453125,-100000,0.14600564539432526,0.14000564813613892,GOES-16,GOES-18
2024-05-25T10:05:00Z,2.168339967727661,0.22234000265598297,0.20334000885486603,0.19434000551700592,0.193340003490448,0.18734000623226166,-100000,15.700560569763184,-100000,0.19234000146389008,0.15734000504016876,GOES-16,GOES-18
2024-05-25T10:10:00Z,1.6880075931549072,0.21100762486457825,0.19700762629508972,0.18800762295722961,0.18600761890411377,0.18500761687755585,-100000,4,-100000,0.18600761890411377,0.18000762164592743,GOES-16,GOES-18
2024-05-25T10:15:00Z,2.00834059715271,0.2823406755924225,0.24534067511558533,0.19434067606925964,0.19034066796302795,0.18234066665172577,-100000,4,-100000,0.18634067475795746,0.17734067142009735,GOES-16,GOES-18
2024-05-25T10:20:00Z,1.584006428718567,0.18000638484954834,0.17300638556480408,0.16600638628005981,0.16400638222694397,0.16200639307498932,-100000,4,-100000,0.16400638222694397,0.16000638902187347,GOES-16,GOES-18
2024-05-25T10:25:00Z,2.033672571182251,0.2396724969148636,0.23367249965667725,0.18167249858379364,0.16367249190807343,0.1536725014448166,-100000,4,-100000,0.15967249870300293,0.14267249405384064,GOES-16,GOES-18
2024-05-25T10:30:00Z,1.8940074443817139,0.24200746417045593,0.21800746023654938,0.19100746512413025,0.19000746309757233,0.18300746381282806,-100000,74.25513458251953,-100000,0.18700745701789856,0.1800074577331543,GOES-16,GOES-18
2024-05-25T10:35:00Z,2.568007230758667,0.20900720357894897,0.20100721716880798,0.19200721383094788,0.19000720977783203,0.17800721526145935,-100000,57.84605407714844,-100000,0.1880072057247162,0.16800720989704132,GOES-16,GOES-18
2024-05-25T10:40:00Z,2.1443397998809814,0.24433989822864532,0.23733989894390106,0.17733989655971527,0.16633988916873932,0.16433990001678467,-100000,15.9581298828125,-100000,0.1653398871421814,0.1613398939371109,GOES-16,GOES-18
2024-05-25T10:45:00Z,1.7803400754928589,0.234340101480484,0.21934010088443756,0.18534009158611298,0.18334010243415833,0.18134009838104248,-100000,15.29496955871582,-100000,0.1823401004076004,0.1653400957584381,GOES-16,GOES-18
2024-05-25T10:50:00Z,2.413339376449585,0.1953393965959549,0.18833939731121063,0.18133939802646637,0.17133939266204834,0.16833940148353577,-100000,4,-100000,0.1703394055366516,0.14533939957618713,GOES-16,GOES-18
2024-05-25T10:55:00Z,1.8000074625015259,0.3600074350833893,0.32500743865966797,0.21700742840766907,0.2050074338912964,0.1920074224472046,-100000,24.474332809448242,-100000,0.2010074257850647,0.1800074279308319,GOES-16,GOES-18
2024-05-25T11:00:00Z,2.3746745586395264,0.22667454183101654,0.21267452836036682,0.20567452907562256,0.20467454195022583,0.19767454266548157,-100000,29.775442123413086,-100000,0.20167453587055206,0.18667453527450562,GOES-16,GOES-18
2024-05-25T11:05:00Z,1.862339973449707,0.2103399932384491,0.19433999061584473,0.1673399955034256,0.16533999145030975,0.1633399873971939,-100000,62.53607940673828,-100000,0.16533999145030975,0.15733999013900757,GOES-16,GOES-18
2024-05-25T11:10:00Z,1.6926724910736084,0.18167243897914886,0.17367243766784668,0.16467243432998657,0.15467244386672974,0.15167243778705597,-100000,6.669126033782959,-100000,0.15367244184017181,0.13867244124412537,GOES-16,GOES-18
2024-05-25T11:15:00Z,2.060006618499756,0.19600653648376465,0.18800653517246246,0.17900653183460236,0.17800652980804443,0.17400653660297394,-100000,28.419742584228516,-100000,0.1770065277814865,0.15600652992725372,GOES-16,GOES-18
2024-05-25T11:20:00Z,1.7730063199996948,0.19100627303123474,0.18400627374649048,0.17500627040863037,0.17300628125667572,0.1720062792301178,-100000,87.45121765136719,-100000,0.17300628125667572,0.14800627529621124,GOES-16,GOES-18
2024-05-25T11:25:00Z,2.0283403396606445,0.23534037172794342,0.22834037244319916,0.2043403685092926,0.20334036648273468,0.19834037125110626,-100000,40.53401565551758,-100000,0.20334036648273468,0.1613403707742691,GOES-16,GOES-18
2024-05-25T11:30:00Z,2.0560057163238525,0.1560056358575821,0.15000563859939575,0.1430056393146515,0.14100563526153564,0.1390056312084198,-100000,4,-100000,0.14000563323497772,0.13200563192367554,GOES-16,GOES-18
2024-05-25T11:35:00Z,1.894006609916687,0.20600657165050507,0.19800657033920288,0.1600065678358078,0.15800656378269196,0.15700656175613403,-100000,85.02503967285156,-100000,0.15800656378269196,0.15200656652450562,GOES-16,GOES-18
2024-05-25T11:40:00Z,1.6856740713119507,0.24567405879497528,0.2376740574836731,0.20467406511306763,0.20167405903339386,0.1996740698814392,-100000,14.097492218017578,-100000,0.20167405903339386,0.17467406392097473,GOES-16,GOES-18
2024-05-25T11:45:00Z,1.7286734580993652,0.2536734342575073,0.24567343294620514,0.1926734298467636,0.18867343664169312,0.17667344212532043,-100000,82.70482635498047,-100000,0.18567343056201935,0.15867343544960022,GOES-16,GOES-18
2024-05-25T11:50:00Z,2.26967453956604,0.22867447137832642,0.22067447006702423,0.19067446887493134,0.1896744817495346,0.18767447769641876,-100000,17.885398864746094,-100000,0.1896744817495346,0.17867447435855865,GOES-16,GOES-18
2024-05-25T11:55:00Z,1.728672981262207,0.18267300724983215,0.17467300593852997,0.16567300260066986,0.15567301213741302,0.15167300403118134,-100000,4,-100000,0.1546730101108551,0.14667300879955292,GOES-16,GOES-18
2024-05-25T12:00:00Z,2.0030059814453125,0.20900602638721466,0.2020060271024704,0.14800602197647095,0.14500601589679718,0.14300602674484253,-100000,38.663028717041016,-100000,0.14400601387023926,0.14000602066516876,GOES-16,GOES-18
2024-05-25T12:05:00Z,2.4646739959716797,0.21067389845848083,0.20367389917373657,0.16967390477657318,0.16767390072345734,0.1656738966703415,-100000,85.50495910644531,-100000,0.16667389869689941,0.15867389738559723,GOES-16,GOES-18
2024-05-25T12:10:00Z,2.048006296157837,0.1830064058303833,0.17600640654563904,0.1620064079761505,0.16000640392303467,0.15900640189647675,-100000,80.51966857910156,-100000,0.16000640392303467,0.1440064013004303,GOES-16,GOES-18
2024-05-25T12:15:00Z,1.9910063743591309,0.19700638949871063,0.19000639021396637,0.15600638091564178,0.15400639176368713,0.1520063877105713,-100000,4,-100000,0.1530063897371292,0.1440063863992691,GOES-16,GOES-18
2024-05-25T12:20:00Z,1.7193410396575928,0.2083410620689392,0.20034106075763702,0.19234105944633484,0.18334105610847473,0.1823410540819168,-100000,19.82613182067871,-100000,0.18334105610847473,0.1773410588502884,GOES-16,GOES-18
2024-05-25T12:25:00Z,1.9476741552352905,0.18867410719394684,0.18167410790920258,0.17267410457134247,0.17167410254478455,0.1696741133928299,-100000,85.05944061279297,-100000,0.17067410051822662,0.16667410731315613,GOES-16,GOES-18
2024-05-25T12:30:00Z,2.0723414421081543,0.20734146237373352,0.20034146308898926,0.19134145975112915,0.19034145772457123,0.18834146857261658,-100000,7.590960502624512,-100000,0.1893414556980133,0.1853414624929428,GOES-16,GOES-18
2024-05-25T12:35:00Z,2.472007989883423,0.2170080840587616,0.21000808477401733,0.20100809633731842,0.2000080943107605,0.18600809574127197,-100000,72.06180572509766,-100000,0.19700808823108673,0.17600809037685394,GOES-16,GOES-18
2024-05-25T12:40:00Z,2.1063408851623535,0.20534077286720276,0.1983407735824585,0.17134076356887817,0.17034076154232025,0.1683407723903656,-100000,29.55506134033203,-100000,0.16934075951576233,0.16534076631069183,GOES-16,GOES-18
2024-05-25T12:45:00Z,1.8163400888442993,0.23434005677700043,0.22734004259109497,0.1733400523662567,0.16234004497528076,0.1603400558233261,-100000,69.72977447509766,-100000,0.16134004294872284,0.15734004974365234,GOES-16,GOES-18
2024-05-25T12:50:00Z,2.2566733360290527,0.17867334187030792,0.17167334258556366,0.16267333924770355,0.16167333722114563,0.15967333316802979,-100000,4,-100000,0.1606733351945877,0.15467333793640137,GOES-16,GOES-18
2024-05-25T12:55:00Z,2.2220053672790527,0.14400526881217957,0.1370052695274353,0.1280052661895752,0.12700527906417847,0.12300527095794678,-100000,45.00498962402344,-100000,0.12600527703762054,0.12000527232885361,GOES-16,GOES-18
2024-05-25T13:00:00Z,2.339341402053833,0.22634150087833405,0.21934150159358978,0.20534150302410126,0.1943415105342865,0.19134150445461273,-100000,35.85905838012695,-100000,0.19334150850772858,0.1853415071964264,GOES-16,GOES-18
2024-05-25T13:05:00Z,2.0863404273986816,0.18534035980701447,0.1783403605222702,0.1693403571844101,0.16834035515785217,0.16634035110473633,-100000,47.90506362915039,-100000,0.16734035313129425,0.15334035456180573,GOES-16,GOES-18
2024-05-25T13:10:00Z,2.0433406829833984,0.21334071457386017,0.1973407119512558,0.16934071481227875,0.16834071278572083,0.16634070873260498,-100000,38.53257751464844,-100000,0.1673407107591629,0.16134071350097656,GOES-16,GOES-18
2024-05-25T13:15:00Z,2.132673740386963,0.23167376220226288,0.22467376291751862,0.19067375361919403,0.17967376112937927,0.1766737550497055,-100000,4,-100000,0.17867375910282135,0.16267375648021698,GOES-16,GOES-18
2024-05-25T13:20:00Z,2.458672285079956,0.16667237877845764,0.1606723815202713,0.14667238295078278,0.13567237555980682,0.13367238640785217,-100000,33.82609939575195,-100000,0.1346723735332489,0.1306723803281784,GOES-16,GOES-18
2024-05-25T13:25:00Z,2.4830071926116943,0.22700722515583038,0.2110072374343872,0.17900723218917847,0.17700722813606262,0.1720072329044342,-100000,87.3284912109375,-100000,0.1760072261095047,0.16400723159313202,GOES-16,GOES-18
2024-05-25T13:30:00Z,2.6780059337615967,0.20900599658489227,0.20200598239898682,0.14800599217414856,0.1450059860944748,0.13600598275661469,-100000,34.15517044067383,-100000,0.1410059928894043,0.1320059895515442,GOES-16,GOES-18
2024-05-25T13:35:00Z,2.446340322494507,0.19034025073051453,0.18334023654460907,0.1763402372598648,0.17534025013446808,0.1713402420282364,-100000,129.89871215820312,-100000,0.17434024810791016,0.15734024345874786,GOES-16,GOES-18
2024-05-25T13:40:00Z,2.253340482711792,0.1743403673171997,0.16734036803245544,0.15934036672115326,0.15734036266803741,0.15534037351608276,-100000,6.712050437927246,-100000,0.15734036266803741,0.15334036946296692,GOES-16,GOES-18
2024-05-25T13:45:00Z,2.380341053009033,0.19434113800525665,0.1883411407470703,0.1793411374092102,0.17834113538265228,0.17634114623069763,-100000,19.139278411865234,-100000,0.17734113335609436,0.17334114015102386,GOES-16,GOES-18
2024-05-25T13:50:00Z,1.9926728010177612,0.19767281413078308,0.19067281484603882,0.1766728162765503,0.17567281424999237,0.17367281019687653,-100000,132.23536682128906,-100000,0.17467281222343445,0.1386728137731552,GOES-16,GOES-18
2024-05-25T13:55:00Z,2.417673349380493,0.1966734379529953,0.18967343866825104,0.1756734400987625,0.16567343473434448,0.16267342865467072,-100000,4,-100000,0.16367343068122864,0.15067343413829803,GOES-16,GOES-18
2024-05-25T14:00:00Z,2.4676737785339355,0.2466738373041153,0.23967383801937103,0.2256738394498825,0.22367385029792786,0.20167385041713715,-100000,4,-100000,0.21967384219169617,0.15467384457588196,GOES-16,GOES-18
2024-05-25T14:05:00Z,2.186673879623413,0.21467378735542297,0.2076737880706787,0.19367378950119019,0.19167378544807434,0.1806737780570984,-100000,76.00210571289062,-100000,0.185673788189888,0.15467378497123718,GOES-16,GOES-18
2024-05-25T14:10:00Z,2.340008497238159,0.22500847280025482,0.21800847351551056,0.19200848042964935,0.1900084763765335,0.18900847434997559,-100000,37.739402770996094,-100000,0.1900084763765335,0.18400847911834717,GOES-16,GOES-18
2024-05-25T14:15:00Z,2.0723416805267334,0.27634161710739136,0.2613416314125061,0.20734162628650665,0.19534163177013397,0.1923416256904602,-100000,4.982016563415527,-100000,0.19334162771701813,0.17334163188934326,GOES-16,GOES-18
2024-05-25T14:20:00Z,2.4230079650878906,0.20200800895690918,0.19500800967216492,0.1860080063343048,0.1850080043077469,0.18300801515579224,-100000,91.13077545166016,-100000,0.18400800228118896,0.17200800776481628,GOES-16,GOES-18
2024-05-25T14:25:00Z,2.5490071773529053,0.18500715494155884,0.17800714075565338,0.1700071543455124,0.16000714898109436,0.1570071429014206,-100000,4,-100000,0.15800714492797852,0.15200714766979218,GOES-16,GOES-18
2024-05-25T14:30:00Z,2.2666752338409424,0.22267524898052216,0.2156752496957779,0.20167523622512817,0.19967524707317352,0.18867523968219757,-100000,125.20692443847656,-100000,0.19767524302005768,0.18267524242401123,GOES-16,GOES-18
2024-05-25T14:35:00Z,2.3486735820770264,0.1966736763715744,0.19067367911338806,0.18167367577552795,0.1706736832857132,0.16867367923259735,-100000,51.79584503173828,-100000,0.1706736832857132,0.14667367935180664,GOES-16,GOES-18
2024-05-25T14:40:00Z,2.3156747817993164,0.23467475175857544,0.2286747545003891,0.1946747601032257,0.18367475271224976,0.17867475748062134,-100000,4,-100000,0.1816747635602951,0.17067475616931915,GOES-16,GOES-18
2024-05-25T14:45:00Z,2.9710075855255127,0.18100754916667938,0.17400754988193512,0.16600754857063293,0.1640075445175171,0.16300755739212036,-100000,114.32247161865234,-100000,0.1640075445175171,0.1600075513124466,GOES-16,GOES-18
2024-05-25T14:50:00Z,2.2750086784362793,0.23000873625278473,0.21500873565673828,0.18700873851776123,0.1860087364912033,0.18400873243808746,-100000,50.12461471557617,-100000,0.18500873446464539,0.18000873923301697,GOES-16,GOES-18
2024-05-25T14:55:00Z,3.0500073432922363,0.22300729155540466,0.21700729429721832,0.16300728917121887,0.1600072830915451,0.15800729393959045,-100000,31.699304580688477,-100000,0.15900729596614838,0.14800728857517242,GOES-16,GOES-18
2024-05-25T15:00:00Z,2.5250070095062256,0.19600696861743927,0.189006969332695,0.16400697827339172,0.1630069762468338,0.15600697696208954,-100000,38.076744079589844,-100000,0.16000697016716003,0.14800697565078735,GOES-16,GOES-18
2024-05-25T15:05:00Z,2.0713415145874023,0.20334146916866302,0.19734147191047668,0.18834146857261658,0.17834146320819855,0.17534147202968597,-100000,72.8235092163086,-100000,0.1763414740562439,0.16534146666526794,GOES-16,GOES-18
2024-05-25T15:10:00Z,2.7306742668151855,0.1886741816997528,0.18267418444156647,0.16867418587207794,0.1586741805076599,0.15567417442798615,-100000,82.43927764892578,-100000,0.15667417645454407,0.15067417919635773,GOES-16,GOES-18
2024-05-25T15:15:00Z,2.2193410396575928,0.17434094846248627,0.167340949177742,0.15934094786643982,0.15734094381332397,0.15634095668792725,-100000,4,-100000,0.15734094381332397,0.15334095060825348,GOES-16,GOES-18
2024-05-25T15:20:00Z,2.211008071899414,0.20200809836387634,0.19600810110569,0.1870080977678299,0.17700810730457306,0.17200809717178345,-100000,85.01690673828125,-100000,0.17500810325145721,0.16000810265541077,GOES-16,GOES-18
2024-05-25T15:25:00Z,2.339007616043091,0.18800771236419678,0.18100771307945251,0.167007714509964,0.16600771248340607,0.16400770843029022,-100000,58.4747314453125,-100000,0.16500771045684814,0.16000771522521973,GOES-16,GOES-18
2024-05-25T15:30:00Z,2.8063411712646484,0.22834119200706482,0.2233411967754364,0.17034119367599487,0.16634120047092438,0.15934120118618011,-100000,124.97659301757812,-100000,0.1633411943912506,0.15734119713306427,GOES-16,GOES-18
2024-05-25T15:35:00Z,2.1973416805267334,0.22334173321723938,0.21734172105789185,0.20834173262119293,0.18034173548221588,0.17134173214435577,-100000,68.27973937988281,-100000,0.17534172534942627,0.16934172809123993,GOES-16,GOES-18
2024-05-25T15:40:00Z,2.396674394607544,0.2086743265390396,0.20267431437969208,0.1686743199825287,0.1656743288040161,0.16267432272434235,-100000,76.33815002441406,-100000,0.1656743288040161,0.15467432141304016,GOES-16,GOES-18
2024-05-25T15:45:00Z,2.0640079975128174,0.26800793409347534,0.25200793147087097,0.19900794327259064,0.19600793719291687,0.19200794398784637,-100000,67.57185363769531,-100000,0.19500793516635895,0.16000793874263763,GOES-16,GOES-18
2024-05-25T15:50:00Z,2.1453418731689453,0.20734180510044098,0.20134180784225464,0.1873418092727661,0.18534180521965027,0.18134179711341858,-100000,23.1994571685791,-100000,0.18434180319309235,0.1693418025970459,GOES-16,GOES-18
2024-05-25T15:55:00Z,2.072007894515991,0.23900797963142395,0.2330079823732376,0.17900797724723816,0.17500798404216766,0.17300797998905182,-100000,71.41112518310547,-100000,0.17500798404216766,0.16000798344612122,GOES-16,GOES-18
2024-05-25T16:00:00Z,2.347341537475586,0.1953415721654892,0.18934157490730286,0.18034158647060394,0.17934158444404602,0.17734158039093018,-100000,100.5499267578125,-100000,0.1783415824174881,0.169341579079628,GOES-16,GOES-18
2024-05-25T16:05:00Z,2.4740095138549805,0.2500094473361969,0.23500944674015045,0.20100943744182587,0.19900944828987122,0.19200943410396576,-100000,129.47657775878906,-100000,0.1980094462633133,0.18800944089889526,GOES-16,GOES-18
2024-05-25T16:10:00Z,2.0313405990600586,0.19934065639972687,0.17834065854549408,0.1613406538963318,0.16034065186977386,0.15834064781665802,-100000,31.823331832885742,-100000,0.15934064984321594,0.14534065127372742,GOES-16,GOES-18
2024-05-25T16:15:00Z,2.0493412017822266,0.1823413074016571,0.17634129524230957,0.16734130680561066,0.16634130477905273,0.16134129464626312,-100000,139.9292755126953,-100000,0.1653413027524948,0.15734130144119263,GOES-16,GOES-18
2024-05-25T16:20:00Z,2.2160069942474365,0.17100687325000763,0.1660068780183792,0.15800687670707703,0.148006871342659,0.1440068781375885,-100000,107.370361328125,-100000,0.14600688219070435,0.13600687682628632,GOES-16,GOES-18
2024-05-25T16:25:00Z,2.082674264907837,0.1796741485595703,0.17367415130138397,0.1666741520166397,0.15667414665222168,0.1536741554737091,-100000,158.67535400390625,-100000,0.15467414259910583,0.15067414939403534,GOES-16,GOES-18
2024-05-25T16:30:00Z,1.6300082206726074,0.1890081912279129,0.18300819396972656,0.17400819063186646,0.17300818860530853,0.17100819945335388,-100000,82.53192138671875,-100000,0.1720081865787506,0.16000819206237793,GOES-16,GOES-18
2024-05-25T16:35:00Z,1.5360089540481567,0.202008917927742,0.1970089226961136,0.1890089213848114,0.18800891935825348,0.18100892007350922,-100000,117.0189208984375,-100000,0.1840089112520218,0.1720089167356491,GOES-16,GOES-18
2024-05-25T16:40:00Z,1.9180092811584473,0.22800928354263306,0.22200928628444672,0.1870092898607254,0.18500928580760956,0.1830092966556549,-100000,180.60748291015625,-100000,0.18400928378105164,0.18000929057598114,GOES-16,GOES-18
2024-05-25T16:45:00Z,1.5583415031433105,0.18834152817726135,0.182341530919075,0.17434152960777283,0.16534152626991272,0.16234153509140015,-100000,73.5223159790039,-100000,0.16534152626991272,0.15334153175354004,GOES-16,GOES-18
2024-05-25T16:50:00Z,2.23067569732666,0.21867579221725464,0.2126757949590683,0.17767579853534698,0.17567579448223114,0.1736758053302765,-100000,59.10171890258789,-100000,0.17467579245567322,0.17067579925060272,GOES-16,GOES-18
2024-05-25T16:55:00Z,2.419342517852783,0.19234243035316467,0.18634243309497833,0.17734242975711823,0.1763424277305603,0.17434242367744446,-100000,60.3555908203125,-100000,0.17534242570400238,0.16934242844581604,GOES-16,GOES-18
2024-05-25T17:00:00Z,2.084007978439331,0.1760079711675644,0.17000797390937805,0.16200797259807587,0.16000796854496002,0.15700797736644745,-100000,46.989227294921875,-100000,0.16000796854496002,0.14800797402858734,GOES-16,GOES-18
2024-05-25T17:05:00Z,1.9460088014602661,0.1820087879896164,0.17600879073143005,0.16700880229473114,0.16600880026817322,0.16400879621505737,-100000,173.33287048339844,-100000,0.1650087982416153,0.1560087949037552,GOES-16,GOES-18
2024-05-25T17:10:00Z,2.2393434047698975,0.2253435105085373,0.21934351325035095,0.19234351813793182,0.1913435161113739,0.18134351074695587,-100000,111.35237121582031,-100000,0.18934351205825806,0.17734351754188538,GOES-16,GOES-18
2024-05-25T17:15:00Z,1.833675742149353,0.2116757184267044,0.20567572116851807,0.17067570984363556,0.16767571866512299,0.16567571461200714,-100000,104.7918930053711,-100000,0.16767571866512299,0.15867571532726288,GOES-16,GOES-18
2024-05-25T17:20:00Z,1.9040093421936035,0.21100935339927673,0.2050093412399292,0.17400935292243958,0.17200934886932373,0.16900934278964996,-100000,133.3741455078125,-100000,0.17200934886932373,0.16400934755802155,GOES-16,GOES-18
2024-05-25T17:25:00Z,1.5676771402359009,0.2666771411895752,0.2506771385669708,0.19667713344097137,0.1936771273612976,0.18767713010311127,-100000,164.08587646484375,-100000,0.19267712533473969,0.17867712676525116,GOES-16,GOES-18
2024-05-25T17:30:00Z,1.757673978805542,0.17067398130893707,0.16467398405075073,0.12967398762702942,0.12767398357391357,0.12567399442195892,-100000,113.52796173095703,-100000,0.12667398154735565,0.12267398834228516,GOES-16,GOES-18
2024-05-25T17:35:00Z,1.840343952178955,0.21834398806095123,0.2123439908027649,0.20334398746490479,0.19334398210048676,0.19034399092197418,-100000,29.025156021118164,-100000,0.19234399497509003,0.18134398758411407,GOES-16,GOES-18
2024-05-25T17:40:00Z,1.9596765041351318,0.1946765035390854,0.18867650628089905,0.18067650496959686,0.17867650091648102,0.1696765124797821,-100000,132.53724670410156,-100000,0.17667651176452637,0.16667650640010834,GOES-16,GOES-18
2024-05-25T17:45:00Z,1.5276761054992676,0.22667615115642548,0.2106761485338211,0.18267615139484406,0.17467615008354187,0.17267614603042603,-100000,115.36986541748047,-100000,0.17367614805698395,0.1586761474609375,GOES-16,GOES-18
2024-05-25T17:50:00Z,1.852343201637268,0.1933431476354599,0.18734315037727356,0.17834314703941345,0.17734314501285553,0.17534315586090088,-100000,143.47543334960938,-100000,0.1763431578874588,0.16534315049648285,GOES-16,GOES-18
2024-05-25T17:55:00Z,1.296676754951477,0.2096768021583557,0.20367680490016937,0.1956768035888672,0.19467680156230927,0.19067679345607758,-100000,217.4661865234375,-100000,0.19367679953575134,0.1706767976284027,GOES-16,GOES-18
2024-05-25T18:00:00Z,1.2823450565338135,0.231345072388649,0.22534507513046265,0.21134507656097412,0.20934507250785828,0.20034508407115936,-100000,175.00820922851562,-100000,0.20734508335590363,0.1973450779914856,GOES-16,GOES-18
2024-05-25T18:05:00Z,1.1083438396453857,0.20034384727478027,0.19434385001659393,0.18534384667873383,0.1843438446521759,0.18234384059906006,-100000,60.271873474121094,-100000,0.18334384262561798,0.17734384536743164,GOES-16,GOES-18
2024-05-25T18:10:00Z,1.334342122077942,0.17534209787845612,0.16934210062026978,0.16034211218357086,0.15934211015701294,0.1573421061038971,-100000,201.20571899414062,-100000,0.15834210813045502,0.1493421047925949,GOES-16,GOES-18
2024-05-25T18:15:00Z,1.2276757955551147,0.17567580938339233,0.17067581415176392,0.16267581284046173,0.1616758108139038,0.15967580676078796,-100000,118.21754455566406,-100000,0.1606758087873459,0.15467581152915955,GOES-16,GOES-18
2024-05-25T18:20:00Z,1.2810089588165283,0.19400891661643982,0.18800891935825348,0.17300891876220703,0.1710089147090912,0.15200890600681305,-100000,139.7493438720703,-100000,0.16800890862941742,0.14800891280174255,GOES-16,GOES-18
2024-05-25T18:25:00Z,1.5383418798446655,0.201341912150383,0.19534191489219666,0.16034191846847534,0.15734191238880157,0.15534192323684692,-100000,171.91055297851562,-100000,0.15734191238880157,0.1453419178724289,GOES-16,GOES-18
2024-05-25T18:30:00Z,1.4203412532806396,0.15334129333496094,0.1473412960767746,0.1393412947654724,0.1383412927389145,0.13634128868579865,-100000,147.26307678222656,-100000,0.13734129071235657,0.12934128940105438,GOES-16,GOES-18
2024-05-25T18:35:00Z,1.3440093994140625,0.18500936031341553,0.1790093630552292,0.171009361743927,0.17000935971736908,0.16800935566425323,-100000,230.8517608642578,-100000,0.16900935769081116,0.15600936114788055,GOES-16,GOES-18
2024-05-25T18:40:00Z,1.3960082530975342,0.16500820219516754,0.15900819003582,0.15100818872451782,0.141008198261261,0.13800819218158722,-100000,60.756832122802734,-100000,0.13900819420814514,0.13200819492340088,GOES-16,GOES-18
2024-05-25T18:45:00Z,1.444676160812378,0.17767617106437683,0.1716761738061905,0.1636761724948883,0.15567617118358612,0.15367618203163147,-100000,83.1417465209961,-100000,0.1546761691570282,0.1506761759519577,GOES-16,GOES-18
2024-05-25T18:50:00Z,1.3570102453231812,0.2690102458000183,0.2640102505683899,0.20101025700569153,0.19201025366783142,0.1910102516412735,-100000,111.72398376464844,-100000,0.19201025366783142,0.16801024973392487,GOES-16,GOES-18
2024-05-25T18:55:00Z,1.4850091934204102,0.18400916457176208,0.17800915241241455,0.16900916397571564,0.16100916266441345,0.1590091586112976,-100000,86.77107238769531,-100000,0.16100916266441345,0.15200915932655334,GOES-16,GOES-18
2024-05-25T19:00:00Z,1.328675627708435,0.1706756204366684,0.16467562317848206,0.15667562186717987,0.15467561781406403,0.15267561376094818,-100000,77.97400665283203,-100000,0.15467561781406403,0.14667561650276184,GOES-16,GOES-18
2024-05-25T19:05:00Z,1.2516789436340332,0.23667892813682556,0.23067893087863922,0.20467893779277802,0.20267893373966217,0.20167893171310425,-100000,76.06900787353516,-100000,0.20267893373966217,0.19467893242835999,GOES-16,GOES-18
2024-05-25T19:10:00Z,1.5693442821502686,0.23234428465366364,0.2173442840576172,0.18934427201747894,0.1873442828655243,0.18534427881240845,-100000,160.78665161132812,-100000,0.1873442828655243,0.17734427750110626,GOES-16,GOES-18
2024-05-25T19:15:00Z,1.4083424806594849,0.17934250831604004,0.1733425110578537,0.1643425077199936,0.15434250235557556,0.151342511177063,-100000,89.802734375,-100000,0.15334250032901764,0.14934250712394714,GOES-16,GOES-18
2024-05-25T19:20:00Z,1.9626758098602295,0.19667574763298035,0.190675750374794,0.1606757491827011,0.1596757471561432,0.15767575800418854,-100000,52.24778747558594,-100000,0.15867574512958527,0.14667575061321259,GOES-16,GOES-18
2024-05-25T19:25:00Z,1.4190105199813843,0.22601056098937988,0.2050105631351471,0.18901056051254272,0.18701055645942688,0.18601056933403015,-100000,141.01968383789062,-100000,0.18701055645942688,0.16801056265830994,GOES-16,GOES-18
2024-05-25T19:30:00Z,1.1756762266159058,0.19767619669437408,0.19167619943618774,0.17167618870735168,0.17067618668079376,0.1686761975288391,-100000,71.8738021850586,-100000,0.16967619955539703,0.15867619216442108,GOES-16,GOES-18
2024-05-25T19:35:00Z,1.3730099201202393,0.21600988507270813,0.2110098898410797,0.20300988852977753,0.18300989270210266,0.16400988399982452,-100000,4,-100000,0.17700989544391632,0.16000989079475403,GOES-16,GOES-18
2024-05-25T19:40:00Z,2.0993452072143555,0.2273453027009964,0.22134530544281006,0.21334530413150787,0.21134531497955322,0.20034530758857727,-100000,24.64116668701172,-100000,0.20934531092643738,0.193345308303833,GOES-16,GOES-18
2024-05-25T19:45:00Z,2.1553425788879395,0.17634253203868866,0.17034253478050232,0.16234253346920013,0.16034254431724548,0.15834254026412964,-100000,99.8779525756836,-100000,0.16034254431724548,0.14934253692626953,GOES-16,GOES-18
2024-05-25T19:50:00Z,2.0263428688049316,0.22634296119213104,0.2203429490327835,0.18634295463562012,0.17534296214580536,0.1643429547548294,-100000,66.66239929199219,-100000,0.17134295403957367,0.15734295547008514,GOES-16,GOES-18
2024-05-25T19:55:00Z,1.4890096187591553,0.18900960683822632,0.18300959467887878,0.1750095933675766,0.17400960624217987,0.17200960218906403,-100000,6.812899112701416,-100000,0.17300960421562195,0.15600959956645966,GOES-16,GOES-18
2024-05-25T20:00:00Z,1.6733441352844238,0.19634418189525604,0.1903441846370697,0.18234418332576752,0.1813441812992096,0.17934419214725494,-100000,84.19041442871094,-100000,0.18034419417381287,0.1773441880941391,GOES-16,GOES-18
2024-05-25T20:05:00Z,1.624342679977417,0.18234270811080933,0.1763426959514618,0.1683427095413208,0.16734270751476288,0.16534270346164703,-100000,115.53160095214844,-100000,0.16634270548820496,0.15734270215034485,GOES-16,GOES-18
2024-05-25T20:10:00Z,1.5416768789291382,0.20667687058448792,0.2016768753528595,0.1926768720149994,0.19167686998844147,0.18567687273025513,-100000,4,-100000,0.19067686796188354,0.17067687213420868,GOES-16,GOES-18
2024-05-25T20:15:00Z,1.575008511543274,0.168008491396904,0.16300849616527557,0.14800849556922913,0.14600849151611328,0.14400848746299744,-100000,22.6529483795166,-100000,0.14600849151611328,0.14000849425792694,GOES-16,GOES-18
2024-05-25T20:20:00Z,2.1816763877868652,0.20367632806301117,0.19867633283138275,0.17167632281780243,0.1706763207912445,0.16367632150650024,-100000,63.06452941894531,-100000,0.16767632961273193,0.15867632627487183,GOES-16,GOES-18
2024-05-25T20:25:00Z,2.038677453994751,0.2036774754524231,0.19867748022079468,0.18367747962474823,0.18167747557163239,0.1776774823665619,-100000,91.75017547607422,-100000,0.18067747354507446,0.17467747628688812,GOES-16,GOES-18
2024-05-25T20:30:00Z,1.8873424530029297,0.19434240460395813,0.1883424073457718,0.17334240674972534,0.16534240543842316,0.1623423993587494,-100000,22.719524383544922,-100000,0.16434240341186523,0.1493424028158188,GOES-16,GOES-18
2024-05-25T20:35:00Z,2.327009916305542,0.24100998044013977,0.23500996828079224,0.19100996851921082,0.1820099800825119,0.18000997602939606,-100000,4,-100000,0.1820099800825119,0.1640099734067917,GOES-16,GOES-18
2024-05-25T20:40:00Z,2.103010892868042,0.19501079618930817,0.19001080095767975,0.18201079964637756,0.18001079559326172,0.17801080644130707,-100000,111.72112274169922,-100000,0.18001079559326172,0.17601080238819122,GOES-16,GOES-18
2024-05-25T20:45:00Z,2.355008363723755,0.16200844943523407,0.15700845420360565,0.14900845289230347,0.14700844883918762,0.14300845563411713,-100000,94.21419525146484,-100000,0.1460084468126297,0.14000844955444336,GOES-16,GOES-18
2024-05-25T20:50:00Z,1.8433424234390259,0.22234241664409637,0.21634241938591003,0.18234242498874664,0.1633424162864685,0.159342423081398,-100000,13.977664947509766,-100000,0.16134241223335266,0.14934241771697998,GOES-16,GOES-18
2024-05-25T20:55:00Z,1.9463428258895874,0.2173427939414978,0.21234279870986938,0.1783427894115448,0.16734279692173004,0.16434279084205627,-100000,38.77220153808594,-100000,0.1653427928686142,0.157342791557312,GOES-16,GOES-18
2024-05-25T21:00:00Z,1.9196752309799194,0.19067518413066864,0.1846751868724823,0.17667518556118011,0.17467519640922546,0.149675190448761,-100000,4,-100000,0.1716751903295517,0.14267519116401672,GOES-16,GOES-18
2024-05-25T21:05:00Z,2.1323437690734863,0.2243436574935913,0.2193436473608017,0.18334364891052246,0.18134364485740662,0.1803436577320099,-100000,64.86890411376953,-100000,0.18134364485740662,0.16934365034103394,GOES-16,GOES-18
2024-05-25T21:10:00Z,1.8670083284378052,0.24500834941864014,0.2390083372592926,0.1610083431005478,0.15200833976268768,0.1490083485841751,-100000,10.018795013427734,-100000,0.15200833976268768,0.13200834393501282,GOES-16,GOES-18
2024-05-25T21:15:00Z,2.1006760597229004,0.19167616963386536,0.18667617440223694,0.17767617106437683,0.1676761656999588,0.15767617523670197,-100000,53.71562957763672,-100000,0.16467617452144623,0.1546761691570282,GOES-16,GOES-18
2024-05-25T21:20:00Z,2.108675479888916,0.19967539608478546,0.19367539882659912,0.1586754024028778,0.1496753990650177,0.14867539703845978,-100000,7.407974720001221,-100000,0.1496753990650177,0.14267539978027344,GOES-16,GOES-18
2024-05-25T21:25:00Z,1.6170101165771484,0.2100100815296173,0.2050100713968277,0.183010071516037,0.18201008439064026,0.18001008033752441,-100000,4,-100000,0.18101008236408234,0.16401007771492004,GOES-16,GOES-18
2024-05-25T21:30:00Z,1.8466769456863403,0.18867699801921844,0.18367700278759003,0.17467699944972992,0.173676997423172,0.1696770042181015,-100000,48.81377410888672,-100000,0.17267699539661407,0.16667699813842773,GOES-16,GOES-18
2024-05-25T21:35:00Z,2.251342296600342,0.16534237563610077,0.15934237837791443,0.15134237706661224,0.1493423730134964,0.14834237098693848,-100000,88.90839385986328,-100000,0.1493423730134964,0.1413423717021942,GOES-16,GOES-18
2024-05-25T21:40:00Z,2.146343469619751,0.27434343099594116,0.2593434154987335,0.1813434213399887,0.17134341597557068,0.1683434247970581,-100000,58.11089324951172,-100000,0.16934341192245483,0.16534341871738434,GOES-16,GOES-18
2024-05-25T21:45:00Z,1.891675353050232,0.16467539966106415,0.1586754024028778,0.15067540109157562,0.14867539703845978,0.14767539501190186,-100000,32.8743782043457,-100000,0.14867539703845978,0.14267539978027344,GOES-16,GOES-18
2024-05-25T21:50:00Z,1.7610092163085938,0.17500925064086914,0.17000925540924072,0.16200925409793854,0.1600092500448227,0.1560092568397522,-100000,71.08936309814453,-100000,0.15900926291942596,0.14800925552845,GOES-16,GOES-18
2024-05-25T21:55:00Z,1.7543425559997559,0.20434251427650452,0.18934251368045807,0.16134251654148102,0.15934251248836517,0.15034250915050507,-100000,91.76322937011719,-100000,0.15734250843524933,0.14534251391887665,GOES-16,GOES-18
2024-05-25T22:00:00Z,2.1680092811584473,0.1890093833208084,0.18400938808918,0.16900938749313354,0.1670093834400177,0.16400937736034393,-100000,27.29803466796875,-100000,0.1670093834400177,0.15200938284397125,GOES-16,GOES-18
2024-05-25T22:05:00Z,1.4973430633544922,0.19834305346012115,0.1783430576324463,0.161343052983284,0.16034305095672607,0.15834304690361023,-100000,122.41973114013672,-100000,0.15934304893016815,0.1533430516719818,GOES-16,GOES-18
2024-05-25T22:10:00Z,1.433010458946228,0.20601049065589905,0.2000104933977127,0.19201049208641052,0.1910104900598526,0.18101049959659576,-100000,80.33939361572266,-100000,0.18801049888134003,0.17201049625873566,GOES-16,GOES-18
2024-05-25T22:15:00Z,1.5790083408355713,0.1730082929134369,0.16700829565525055,0.15900829434394836,0.14900828897953033,0.14600829780101776,-100000,64.48075103759766,-100000,0.14700829982757568,0.13600829243659973,GOES-16,GOES-18
2024-05-25T22:20:00Z,1.4303433895111084,0.20334342122077942,0.198343425989151,0.1893434226512909,0.18834342062473297,0.18634341657161713,-100000,4,-100000,0.18734341859817505,0.16534341871738434,GOES-16,GOES-18
2024-05-25T22:25:00Z,1.2973427772521973,0.24534277617931366,0.20634278655052185,0.17034278810024261,0.1693427860736847,0.165342777967453,-100000,19.197690963745117,-100000,0.16834278404712677,0.15334278345108032,GOES-16,GOES-18
2024-05-25T22:30:00Z,1.542008876800537,0.2800089120864868,0.2740088999271393,0.18500889837741852,0.16600890457630157,0.1590089052915573,-100000,4,-100000,0.16400890052318573,0.14800889790058136,GOES-16,GOES-18
2024-05-25T22:35:00Z,1.1973427534103394,0.1853427290916443,0.18034271895885468,0.16534271836280823,0.1643427312374115,0.16234272718429565,-100000,4,-100000,0.16334272921085358,0.15334272384643555,GOES-16,GOES-18
2024-05-25T22:40:00Z,1.122676968574524,0.21867698431015015,0.21367698907852173,0.19167698919773102,0.1906769871711731,0.1866769790649414,-100000,58.0202522277832,-100000,0.18967698514461517,0.17467698454856873,GOES-16,GOES-18
2024-05-25T22:45:00Z,1.3990095853805542,0.42400962114334106,0.3870096206665039,0.19200961291790009,0.18100962042808533,0.17900961637496948,-100000,4,-100000,0.1800096184015274,0.16400961577892303,GOES-16,GOES-18
2024-05-25T22:50:00Z,0.9336773157119751,0.20767731964588165,0.20267730951309204,0.19367732107639313,0.1926773190498352,0.18867731094360352,-100000,26.530134201049805,-100000,0.19167731702327728,0.18267731368541718,GOES-16,GOES-18
2024-05-25T22:55:00Z,1.1336764097213745,0.22867637872695923,0.2226763814687729,0.2146763801574707,0.21267637610435486,0.17867638170719147,-100000,62.969017028808594,-100000,0.20467637479305267,0.17067638039588928,GOES-16,GOES-18
2024-05-25T23:00:00Z,0.7990089058876038,0.19000889360904694,0.1840088963508606,0.1760088950395584,0.16600888967514038,0.1630088984966278,-100000,4,-100000,0.16400888562202454,0.15200889110565186,GOES-16,GOES-18
2024-05-25T23:05:00Z,0.8180089592933655,0.24700899422168732,0.24100898206233978,0.1860089898109436,0.1690089851617813,0.15800899267196655,-100000,67.20211791992188,-100000,0.16500899195671082,0.1560089886188507,GOES-16,GOES-18
2024-05-25T23:10:00Z,0.8106769919395447,0.20267701148986816,0.19667701423168182,0.18867701292037964,0.1866770088672638,0.18567702174186707,-100000,65.58898162841797,-100000,0.1866770088672638,0.1746770143508911,GOES-16,GOES-18
2024-05-25T23:15:00Z,0.7493420243263245,0.1783420443534851,0.1733420342206955,0.15834203362464905,0.1563420444726944,0.1483420431613922,-100000,38.36809539794922,-100000,0.1523420363664627,0.14534203708171844,GOES-16,GOES-18
2024-05-25T23:20:00Z,0.8723418712615967,0.1833418756723404,0.17734187841415405,0.16934187710285187,0.16034188866615295,0.15934188663959503,-100000,84.9865493774414,-100000,0.16034188866615295,0.149341881275177,GOES-16,GOES-18
2024-05-25T23:25:00Z,0.8910080790519714,0.1660080850124359,0.1610080897808075,0.15400809049606323,0.1520080864429474,0.15000808238983154,-100000,47.7979850769043,-100000,0.15100808441638947,0.1440080851316452,GOES-16,GOES-18
2024-05-25T23:30:00Z,0.9673416614532471,0.23934166133403778,0.19134166836738586,0.1633416712284088,0.15534166991710663,0.15334166586399078,-100000,136.37091064453125,-100000,0.1543416678905487,0.1453416645526886,GOES-16,GOES-18
2024-05-25T23:35:00Z,1.064341425895691,0.3043414354324341,0.2783414423465729,0.17434144020080566,0.16434143483638763,0.15934143960475922,-100000,33.72480773925781,-100000,0.16234144568443298,0.1453414410352707,GOES-16,GOES-18
2024-05-25T23:40:00Z,0.9266767501831055,0.237676739692688,0.23167674243450165,0.19667674601078033,0.1946767419576645,0.17967674136161804,-100000,4,-100000,0.19267675280570984,0.17467674612998962,GOES-16,GOES-18
2024-05-25T23:45:00Z,0.8726762533187866,0.18267624080181122,0.17667624354362488,0.1686762422323227,0.16767624020576477,0.16567625105381012,-100000,7.4081220626831055,-100000,0.16667623817920685,0.16267624497413635,GOES-16,GOES-18
2024-05-25T23:50:00Z,1.1920087337493896,0.18000878393650055,0.17500877380371094,0.15400877594947815,0.15300877392292023,0.15100878477096558,-100000,88.84151458740234,-100000,0.1520087718963623,0.1480087786912918,GOES-16,GOES-18
2024-05-25T23:55:00Z,1.5670095682144165,0.23500953614711761,0.22900953888893127,0.2210095375776291,0.19400954246520996,0.1790095418691635,-100000,4,-100000,0.18400953710079193,0.16400954127311707,GOES-16,GOES-18
